Date,Symbol,Open,High,Low,Volume From,Volume To,Close
10/8/2015,BTCUSD,242.5,245,242.5,18.8,4595.84,243.95
10/9/2015,BTCUSD,243.95,249.97,243.6,30.99,7651.63,245.39
10/10/2015,BTCUSD,245.39,246.3,244.6,12.17,2984.44,246.3
10/11/2015,BTCUSD,246.3,249.5,246.3,12.22,3021.12,249.5
10/12/2015,BTCUSD,249.5,249.5,247.6,38.28,9493.89,247.6
10/13/2015,BTCUSD,247.6,252.87,245.75,51.71,12875.4,250
10/14/2015,BTCUSD,250,254.75,250,119.54,30115.77,253
10/15/2015,BTCUSD,253,258.98,253,197.11,50535.45,255.26
10/16/2015,BTCUSD,255.9,269.98,255.9,101.13,26743.35,263.75
10/17/2015,BTCUSD,263.75,285,263.14,664.66,180981.35,272.47
10/18/2015,BTCUSD,272.47,274.89,264.01,53.56,14484,268.46
10/19/2015,BTCUSD,268.46,274.77,265,132.93,35836.54,272.49
10/20/2015,BTCUSD,272.49,275.99,266.02,202.09,54949.01,272.1
10/21/2015,BTCUSD,272.1,272.75,269.5,364.6,99066.75,271.64
10/22/2015,BTCUSD,271.64,279.98,271.23,588.5,162664.5,276.89
10/23/2015,BTCUSD,276.89,283.95,276.89,590.31,164962.53,280.2
10/24/2015,BTCUSD,280.2,285,280.19,438.03,123247.67,285
10/25/2015,BTCUSD,285,297,285,46.26,13502.41,289.38
10/26/2015,BTCUSD,289.38,296.99,283.99,339.76,97784.33,288.54
10/27/2015,BTCUSD,288.54,299,288.53,691.25,202956.9,298.2
10/28/2015,BTCUSD,298.2,309,298.2,1219.05,369278.2,307.05
10/29/2015,BTCUSD,307.05,320.01,261.51,1675.85,522681.16,314.89
10/30/2015,BTCUSD,314.89,374,314.89,2078.47,681306.37,330.36
10/31/2015,BTCUSD,330.36,336.69,309.15,193.96,62936.19,315
11/1/2015,BTCUSD,315,330,299.76,377.15,120386.11,330
11/2/2015,BTCUSD,330,370,326.1,3028.56,1062068.18,367.85
11/3/2015,BTCUSD,367.85,424.62,362.25,3009.34,1182587.15,400
11/4/2015,BTCUSD,400,500,365,2104.01,957774.87,410
11/5/2015,BTCUSD,410,450,369.73,1655.25,671522.45,379.42
11/6/2015,BTCUSD,379.42,399.7,354.01,1183.23,443559.45,376
11/7/2015,BTCUSD,376,391.92,374.97,824.89,316125.45,388.13
11/8/2015,BTCUSD,388.13,389.61,363.47,152.4,58646.32,377
11/9/2015,BTCUSD,377,386.79,361.43,1134.47,426641.07,381.46
11/10/2015,BTCUSD,381.46,383,236,728.85,255925.57,336.18
11/11/2015,BTCUSD,336.18,343.75,300,1225.57,385120.65,306
11/12/2015,BTCUSD,306,344.8,300.51,1215.85,397146.18,335.5
11/13/2015,BTCUSD,335.5,348.58,326.6,478.64,160014.56,338.45
11/14/2015,BTCUSD,338.45,2200,332.92,616.59,254383.14,349.99
11/15/2015,BTCUSD,349.99,354.99,317.76,396.53,132609.66,318.66
11/16/2015,BTCUSD,318.66,338.99,315,475.92,155088.38,336.99
11/17/2015,BTCUSD,336.99,340.24,328.33,892.06,299171.45,334.51
11/18/2015,BTCUSD,334.51,337.9,330.01,1545.01,517355.7,335.99
11/19/2015,BTCUSD,335.99,335.99,322.34,908.48,302039.17,325.01
11/20/2015,BTCUSD,325.01,328.3,310,371.67,119626.03,320.51
11/21/2015,BTCUSD,320.51,328.97,318.28,324.76,105230.72,325.22
11/22/2015,BTCUSD,325.22,328.75,320.99,301.36,97804.72,324.37
11/23/2015,BTCUSD,324.37,326.32,320.01,1010.84,326786.37,322.75
11/24/2015,BTCUSD,322.75,324.53,305,884.39,283519.45,317.52
11/25/2015,BTCUSD,317.52,332,315.21,546.09,178654.88,327.5
11/26/2015,BTCUSD,327.5,365.37,327.5,510.4,175433.89,360
11/27/2015,BTCUSD,360,369.04,347.76,1023.14,370511.16,360.4
11/28/2015,BTCUSD,360.4,360.41,352,161.21,57658.18,357
11/29/2015,BTCUSD,357,380,354.01,462.71,168299.4,368.11
11/30/2015,BTCUSD,368.11,380.99,367.5,1510.3,565830.65,377.29
12/1/2015,BTCUSD,377.29,379.99,355.01,511.06,186714.7,363.01
12/2/2015,BTCUSD,363.01,364.03,349,422.45,151625.88,361.18
12/3/2015,BTCUSD,361.18,369.99,358,965.2,350211.87,361.5
12/4/2015,BTCUSD,361.5,364.48,356,912.81,329262.86,362.03
12/5/2015,BTCUSD,362.03,389.9,361.53,746.45,278215.04,385.82
12/6/2015,BTCUSD,385.82,403.33,385.82,220.74,86851.71,395.5
12/7/2015,BTCUSD,395.5,400,385.01,779.95,307497.84,398.62
12/8/2015,BTCUSD,398.62,412.13,390.84,501.04,200415.53,412.13
12/9/2015,BTCUSD,412.13,424.48,347.5,695.45,285473.2,418.98
12/10/2015,BTCUSD,418.98,422.89,412.54,652.46,272274.87,416.49
12/11/2015,BTCUSD,416.49,454.97,416.49,905.65,395780.18,452
12/12/2015,BTCUSD,452,473.34,408.45,537.74,234650.28,435
12/13/2015,BTCUSD,435,441.53,422,120.12,52006.96,435.9
12/14/2015,BTCUSD,435.9,450.36,429.86,1019.46,456179.39,445.7
12/15/2015,BTCUSD,445.7,480,445.1,974.16,447962.48,465.99
12/16/2015,BTCUSD,465.99,466.24,440,452.41,206807.6,456.34
12/17/2015,BTCUSD,456.34,459.89,450.25,312.18,142561.92,458
12/18/2015,BTCUSD,458,465.73,456.56,497.74,229780.19,463.02
12/19/2015,BTCUSD,463.02,466.93,455,114.09,52855.37,461.8
12/20/2015,BTCUSD,461.8,462.99,432.33,321,143210.6,439.51
12/21/2015,BTCUSD,439.51,449.99,428.52,190.11,83319.44,437.99
12/22/2015,BTCUSD,437.99,442.46,434.79,286.88,125801.91,435.82
12/23/2015,BTCUSD,435.82,444.71,435.75,411.18,181367.62,444.54
12/24/2015,BTCUSD,444.54,457.22,444.54,375.44,169870.08,455.46
12/25/2015,BTCUSD,455.46,461.86,453.99,79.34,36386.66,458.59
12/26/2015,BTCUSD,458.59,458.59,407.07,387.26,164472.22,418.72
12/27/2015,BTCUSD,418.72,423.64,407.77,172.62,71710.65,422.06
12/28/2015,BTCUSD,422.06,429.31,418.53,89.53,37899.56,420.8
12/29/2015,BTCUSD,420.8,434.26,420.8,742.14,317103.63,430.76
12/30/2015,BTCUSD,430.76,436.79,422.1,211.58,90822.73,428.24
12/31/2015,BTCUSD,428.24,434.99,422.01,206.93,89190.89,432.5
1/1/2016,BTCUSD,432.5,437.8,429.95,110.55,48057.58,434.55
1/2/2016,BTCUSD,434.55,439.53,432.7,107.57,46885.15,435.75
1/3/2016,BTCUSD,435.75,437.99,409.11,496.07,209726.77,424.26
1/4/2016,BTCUSD,424.26,436.49,424.26,485.66,209194.1,435
1/5/2016,BTCUSD,435,435.63,431.55,259.72,112388.29,432.98
1/6/2016,BTCUSD,432.98,433.99,427.88,386.6,166807.9,431.1
1/7/2016,BTCUSD,431.1,457,430.89,1697.75,760356.83,457
1/8/2016,BTCUSD,457,464,448.52,889.37,405467.61,456.68
1/9/2016,BTCUSD,456.68,456.68,446.33,188.38,84963.85,450.11
1/10/2016,BTCUSD,450.11,450.11,440.01,17.18,7640.4,444.6
1/11/2016,BTCUSD,444.6,451.64,444.6,464.17,207924.92,451.28
1/12/2016,BTCUSD,451.28,451.28,444.11,727.12,324599.67,445.4
1/13/2016,BTCUSD,445.4,445.4,420,970.73,415972.32,431.68
1/14/2016,BTCUSD,431.68,433.99,426.75,502.66,216413.12,430.42
1/15/2016,BTCUSD,430.42,431.31,358.74,1724.16,677966.57,372.04
1/16/2016,BTCUSD,372.04,386.27,353.32,778.19,291177.44,384.25
1/17/2016,BTCUSD,384.25,389.85,380.19,205.95,79204.39,383.9
1/18/2016,BTCUSD,383.9,387.25,374.83,2854.76,1099063.99,385.03
1/19/2016,BTCUSD,385.03,385.53,376.33,4096.72,1557914.34,380.58
1/20/2016,BTCUSD,380.58,423.19,376.27,3195.25,1300414.35,417.51
1/21/2016,BTCUSD,417.51,425.38,405,1558.93,638247.28,412.14
1/22/2016,BTCUSD,412.14,416.99,375,2505.96,977136.8,393
1/23/2016,BTCUSD,393,411,380.03,198.13,77017.19,387.8
1/24/2016,BTCUSD,387.8,404.24,383.57,492.46,195967.96,401.74
1/25/2016,BTCUSD,401.74,403.6,387.65,1085.8,427392.05,393.08
1/26/2016,BTCUSD,393.08,396.79,389,1061.9,417990.16,389
1/27/2016,BTCUSD,389,396.99,389,652.15,257391.75,395.54
1/28/2016,BTCUSD,395.54,395.54,378.36,479.25,184161.73,380.92
1/29/2016,BTCUSD,380.92,383.97,365,973.71,366715.98,379.39
1/30/2016,BTCUSD,379.39,380,374.53,247.86,93570.38,378.33
1/31/2016,BTCUSD,378.33,380,369.54,162.26,61072.38,370
2/1/2016,BTCUSD,370,378.99,366.62,935.68,349785.67,371.74
2/2/2016,BTCUSD,371.74,375.41,371.74,977.83,365562.48,373.2
2/3/2016,BTCUSD,373.2,373.2,367.41,907.36,336253.34,368.7
2/4/2016,BTCUSD,368.7,391.7,368.7,1799.16,686745.79,390.17
2/5/2016,BTCUSD,390.17,390.17,384.8,894.87,346279.69,387.21
2/6/2016,BTCUSD,387.21,387.21,371.09,480.03,181099.83,375.31
2/7/2016,BTCUSD,375.31,378.55,373.39,184.05,69217.17,376.03
2/8/2016,BTCUSD,376.03,377.86,371.31,958.04,358682.2,371.47
2/9/2016,BTCUSD,371.47,377.09,371.47,935.99,350955.64,374
2/10/2016,BTCUSD,374,384.19,373.02,1559.69,594481.56,380.07
2/11/2016,BTCUSD,380.07,380.57,373.07,1032.28,389108.52,376.09
2/12/2016,BTCUSD,376.09,384.71,376.03,1650.92,629776.6,383.85
2/13/2016,BTCUSD,383.85,386.52,383.85,164.45,63308.6,386.51
2/14/2016,BTCUSD,386.51,406.18,386.51,1676.36,670546.45,406.18
2/15/2016,BTCUSD,406.18,407.94,396.71,867.76,350254.95,398.27
2/16/2016,BTCUSD,398.27,409.33,398.23,1144.29,465347.88,406.72
2/17/2016,BTCUSD,406.72,420.25,406.72,1425.81,596048.72,415.9
2/18/2016,BTCUSD,415.9,422.92,414.44,1800.84,755629.14,422.21
2/19/2016,BTCUSD,422.21,422.21,416.18,829.64,348577.17,419.04
2/20/2016,BTCUSD,419.04,442,419.04,949.26,407875.43,440.75
2/21/2016,BTCUSD,440.75,448,426.2,543.72,237933.71,439.28
2/22/2016,BTCUSD,439.28,440.12,431.13,1300.83,569935.95,436.45
2/23/2016,BTCUSD,436.45,438.23,412.07,1580.33,661748.35,418.77
2/24/2016,BTCUSD,418.77,422.99,410.82,775.35,326202.9,421.32
2/25/2016,BTCUSD,421.32,426.55,416.86,673.43,284397.26,423.98
2/26/2016,BTCUSD,423.98,427.51,418.89,803.73,340617.72,427.5
2/27/2016,BTCUSD,427.5,434.18,427.5,485.03,208782.58,431.47
2/28/2016,BTCUSD,431.47,433.36,421.01,420.85,179601.89,431.59
2/29/2016,BTCUSD,431.59,440.99,430.14,984.47,429948.59,437.05
3/1/2016,BTCUSD,437.05,438.98,427.41,902.27,391113.93,432.32
3/2/2016,BTCUSD,432.32,433.73,422.29,869.86,372954.62,423.97
3/3/2016,BTCUSD,423.97,423.97,414.06,2856.05,1196323.59,419.24
3/4/2016,BTCUSD,419.24,421.07,408.4,2517.71,1049127.3,408.87
3/5/2016,BTCUSD,408.87,409.06,367,3115.9,1247431.02,393.5
3/6/2016,BTCUSD,393.5,403.96,378.71,400.98,156921.05,403.44
3/7/2016,BTCUSD,403.44,413.31,399.26,2423.93,988846.2,413.16
3/8/2016,BTCUSD,413.16,413.49,408,1369.93,562777.31,412.09
3/9/2016,BTCUSD,412.09,412.99,408.22,3337.91,1370297.92,410.79
3/10/2016,BTCUSD,410.79,414.68,410.07,1792.31,738683.02,414.68
3/11/2016,BTCUSD,414.68,420.34,414.68,1525.97,638915.25,418.93
3/12/2016,BTCUSD,418.93,420.17,405.96,1090.13,447418.4,409.72
3/13/2016,BTCUSD,409.72,412.54,409.25,1668.66,685385.15,411.18
3/14/2016,BTCUSD,411.18,414.14,411.16,569.47,235320.23,413.99
3/15/2016,BTCUSD,413.99,416.09,413.98,1294.92,537881.24,416
3/16/2016,BTCUSD,416,416,414.71,1443.06,599306.72,416
3/17/2016,BTCUSD,416,419,416,938,392406.2,418.95
3/18/2016,BTCUSD,418.95,418.95,403.47,1017.68,415330.71,407.59
3/19/2016,BTCUSD,407.59,409.88,405.66,595.51,242633.91,409.88
3/20/2016,BTCUSD,409.88,410.99,409.88,307.22,125995.74,410.99
3/21/2016,BTCUSD,410.99,411.4,408.66,811.47,332971.56,411.4
3/22/2016,BTCUSD,411.4,418,411.39,922.05,383507.99,416.83
3/23/2016,BTCUSD,416.83,418.54,416.83,794.82,331613.57,417.01
3/24/2016,BTCUSD,417.01,417.16,413.92,940.74,391557.49,415.55
3/25/2016,BTCUSD,415.55,416.98,412.79,952.99,396135.74,416.11
3/26/2016,BTCUSD,416.11,416.98,416.11,411.06,171326.93,416.92
3/27/2016,BTCUSD,416.92,426.75,416.65,2006.26,846262.98,424.47
3/28/2016,BTCUSD,424.47,424.47,422,870.6,368112.34,422.16
3/29/2016,BTCUSD,422.16,423.75,405.83,1440.19,594301.55,414.25
3/30/2016,BTCUSD,414.25,414.64,408.62,733.55,302278.38,413.7
3/31/2016,BTCUSD,413.7,416.94,413.7,1122.37,466556.09,416.36
4/1/2016,BTCUSD,416.36,416.88,414.59,732.45,304703.12,416.48
4/2/2016,BTCUSD,416.48,421.18,416.48,826.35,346497.1,420
4/3/2016,BTCUSD,420,420,418.93,106.09,44510.42,419.45
4/4/2016,BTCUSD,419.45,419.99,417.74,692.01,289850.73,419.99
4/5/2016,BTCUSD,419.99,423.44,419.86,1068.1,450811.6,422.48
4/6/2016,BTCUSD,422.48,423.28,422.3,1184,500636.53,422.82
4/7/2016,BTCUSD,422.82,422.84,419.65,1063.18,448516.79,422.59
4/8/2016,BTCUSD,422.59,424.39,415.45,2910.51,1227064.07,418.39
4/9/2016,BTCUSD,418.39,418.39,412.21,425.9,177374.31,416.67
4/10/2016,BTCUSD,416.67,420.74,416.67,444.09,185924.26,420.73
4/11/2016,BTCUSD,420.73,423.24,419.51,1184.23,499197.84,423.23
4/12/2016,BTCUSD,423.23,427.24,423.23,1405.46,598581.62,426.43
4/13/2016,BTCUSD,426.43,426.75,421.99,2049.84,871512.71,424.53
4/14/2016,BTCUSD,424.53,425.6,424.1,938.77,398729.37,424.96
4/15/2016,BTCUSD,424.96,429.84,424.96,1549.86,663556.99,429.53
4/16/2016,BTCUSD,429.53,432.5,429.52,493.59,212553.43,429.99
4/17/2016,BTCUSD,429.99,430.09,426.2,218.68,93759.27,426.2
4/18/2016,BTCUSD,426.2,428.7,426.2,870.72,372478.85,427.99
4/19/2016,BTCUSD,427.99,435,427.98,1419.48,609416.58,435
4/20/2016,BTCUSD,435,445,434.99,1732.3,760561.43,443.54
4/21/2016,BTCUSD,443.54,451,441.86,2331.07,1038975.71,451
4/22/2016,BTCUSD,451,451.03,445.26,1071.76,479782.4,447.79
4/23/2016,BTCUSD,447.79,452,447.23,962.76,433217.1,452
4/24/2016,BTCUSD,452,462.88,449.97,1451.81,663084.51,461.05
4/25/2016,BTCUSD,461.05,468.67,453.78,2696.92,1245577.49,465.9
4/26/2016,BTCUSD,465.9,470.69,463.49,1326.16,619399.18,468.44
4/27/2016,BTCUSD,468.44,469.36,447.03,2264.18,1036759.2,448.44
4/28/2016,BTCUSD,448.44,448.99,435.72,2024.84,901276.78,448.99
4/29/2016,BTCUSD,448.99,456.98,448.83,1438.18,651149.45,455.91
4/30/2016,BTCUSD,455.91,456.78,448.24,289.92,131025.36,450.3
5/1/2016,BTCUSD,450.3,453.63,448.26,345.76,156471.22,452.66
5/2/2016,BTCUSD,452.66,453.99,441.31,1898.57,846639.71,446.36
5/3/2016,BTCUSD,446.36,452,443.69,1124.91,504046.31,451.99
5/4/2016,BTCUSD,451.99,451.99,447.46,1108.17,497659.99,448
5/5/2016,BTCUSD,448,448.99,447.01,916.95,410899.7,448.99
5/6/2016,BTCUSD,448.99,463.4,448.28,943.65,428824.82,461.36
5/7/2016,BTCUSD,461.36,461.88,458.83,556.21,255968.44,459.66
5/8/2016,BTCUSD,459.66,459.66,456.92,158.15,72453.39,458
5/9/2016,BTCUSD,458,463.99,456.81,1280.41,590431.5,460.98
5/10/2016,BTCUSD,460.98,462.98,446.01,1006.4,455323.39,451.75
5/11/2016,BTCUSD,451.75,454.05,451.74,1612.89,731150.47,451.98
5/12/2016,BTCUSD,451.98,453.99,449.3,1126.7,509610.66,453.99
5/13/2016,BTCUSD,453.99,458,453.99,1368.06,624569.19,457.46
5/14/2016,BTCUSD,457.46,457.48,454.01,275.1,125656.77,456.67
5/15/2016,BTCUSD,456.67,457.99,456.36,230.11,105158.24,457.99
5/16/2016,BTCUSD,457.99,458.67,452.54,1178.48,538651.79,454.43
5/17/2016,BTCUSD,454.43,455.48,452.74,962.63,437597.27,454.69
5/18/2016,BTCUSD,454.69,455.99,454.43,1672.81,761711.39,455.01
5/19/2016,BTCUSD,455.01,455.01,441.79,1457.52,653772.34,443.01
5/20/2016,BTCUSD,443.01,443.63,438.2,990.25,437622.24,442.99
5/21/2016,BTCUSD,442.99,443.46,442.08,751.61,333109.85,443.41
5/22/2016,BTCUSD,443.41,443.41,436.48,701.93,309283.08,437.74
5/23/2016,BTCUSD,437.74,443.86,437.35,1225.1,541640.05,443.86
5/24/2016,BTCUSD,443.86,446.98,442.98,1462.87,651256.28,445.87
5/25/2016,BTCUSD,445.87,449.99,445.64,719.99,322660.95,449.9
5/26/2016,BTCUSD,449.9,454.3,449.9,1238.38,561015.63,454.27
5/27/2016,BTCUSD,454.27,480,454.27,1669.41,788742.88,476.99
5/28/2016,BTCUSD,476.99,535.73,472.85,1922.58,957274.99,526.87
5/29/2016,BTCUSD,526.87,558.46,500,793.63,415659.54,519.29
5/30/2016,BTCUSD,519.29,542.81,516.63,368,195825.92,532.66
5/31/2016,BTCUSD,532.66,544.84,520.86,1446.16,771433.23,530.62
6/1/2016,BTCUSD,530.62,544.99,524.76,2248.01,1207745.38,539.99
6/2/2016,BTCUSD,539.99,539.99,533.25,1057.66,567672.33,539.78
6/3/2016,BTCUSD,539.78,577.13,535.71,2370.26,1324395.31,570.02
6/4/2016,BTCUSD,570.02,590,562.48,685.37,393390.84,573.51
6/5/2016,BTCUSD,573.51,584.8,566.56,359.61,207230.63,574.05
6/6/2016,BTCUSD,574.05,587.89,574.04,1169.13,682767.46,584.44
6/7/2016,BTCUSD,584.44,589.08,566.75,1167.17,676863.39,580
6/8/2016,BTCUSD,580,583.75,574.87,1506.32,873277.55,581.99
6/9/2016,BTCUSD,581.99,583.15,572.42,1104.31,638344.17,579.13
6/10/2016,BTCUSD,579.13,580.9,575.05,1282.29,740757.64,578.99
6/11/2016,BTCUSD,578.99,598.64,578.99,758.37,446469.86,597.77
6/12/2016,BTCUSD,597.77,683.63,597.77,2148.82,1367149.19,663.09
6/13/2016,BTCUSD,663.09,719,663.09,3540.96,2447557.85,704
6/14/2016,BTCUSD,704,704.01,662.01,4373.4,2999059.67,685.37
6/15/2016,BTCUSD,685.37,696.46,668.39,2888.29,1967969.36,692.93
6/16/2016,BTCUSD,692.93,773.74,692.66,5929.71,4398013.4,764.76
6/17/2016,BTCUSD,764.76,774.32,707.45,3186.88,2374921.84,757.06
6/18/2016,BTCUSD,757.06,788.55,735.64,1571.48,1201480.95,755.14
6/19/2016,BTCUSD,755.14,765,746.28,887.81,676639.48,763.99
6/20/2016,BTCUSD,763.99,763.99,725.95,1448.98,1076472.95,741.84
6/21/2016,BTCUSD,741.84,741.84,625,3538.43,2378322.18,673.71
6/22/2016,BTCUSD,673.71,678.99,600.16,2846.6,1826484.51,600.16
6/23/2016,BTCUSD,600.16,634.83,560.01,3468.79,2055230.68,628.11
6/24/2016,BTCUSD,628.11,680,625.13,2033.06,1324010.48,662.66
6/25/2016,BTCUSD,662.66,696.99,646.42,602.99,409368.44,665.15
6/26/2016,BTCUSD,665.15,665.15,614.04,752.93,473629.94,631.14
6/27/2016,BTCUSD,631.14,655,621.38,1478.9,950148.12,650.09
6/28/2016,BTCUSD,650.09,657.15,636.47,1357.52,881985.23,648.78
6/29/2016,BTCUSD,648.78,650.51,631.43,1770.39,1136953.81,640.32
6/30/2016,BTCUSD,640.32,675.28,637.34,2150.8,1420640.63,673.43
7/1/2016,BTCUSD,673.43,693.31,668.6,1702.24,1154838.66,680.96
7/2/2016,BTCUSD,680.96,699.99,677.6,896.79,619632.93,699.99
7/3/2016,BTCUSD,699.99,703.03,645.86,644.4,433777.95,664.67
7/4/2016,BTCUSD,664.67,679.88,649.38,918.02,618617.4,679.45
7/5/2016,BTCUSD,679.45,679.89,661.13,1199.34,804016.94,666.23
7/6/2016,BTCUSD,666.23,679.5,665.7,871.12,586279.59,674.99
7/7/2016,BTCUSD,674.99,679.51,611.35,2061.51,1306966.88,637.99
7/8/2016,BTCUSD,637.99,662.71,637.98,919.76,599367.63,661.99
7/9/2016,BTCUSD,661.99,661.99,625.33,1238.13,798850.06,654.78
7/10/2016,BTCUSD,654.78,654.78,640.4,506.06,327412.58,649.99
7/11/2016,BTCUSD,649.99,658.99,645,1042.84,677341.2,650.83
7/12/2016,BTCUSD,650.83,674.83,647.73,1808.13,1200532.71,673.99
7/13/2016,BTCUSD,673.99,673.99,657.02,1512.05,1001514.36,661.55
7/14/2016,BTCUSD,661.55,663.48,650.67,1384.3,912790.13,658.98
7/15/2016,BTCUSD,658.98,669.01,658.69,891.47,591878.57,665
7/16/2016,BTCUSD,665,668.72,660,202.96,134713.56,663.84
7/17/2016,BTCUSD,663.84,687.56,663.84,1145.73,778228.53,678.34
7/18/2016,BTCUSD,678.34,682.71,667.49,1102.58,745286.58,672.74
7/19/2016,BTCUSD,672.74,674.43,667.67,727.93,488504.76,672.98
7/20/2016,BTCUSD,672.98,673.52,662.04,2106.48,1404858.53,664.86
7/21/2016,BTCUSD,664.86,667.31,660.02,712.51,473882.2,665.86
7/22/2016,BTCUSD,665.86,666.99,644.08,677.36,444381.34,649.03
7/23/2016,BTCUSD,649.03,656.85,649.03,433.95,283517.52,655.92
7/24/2016,BTCUSD,655.92,665.08,652.7,231.84,152903.65,663.95
7/25/2016,BTCUSD,663.95,663.99,652.74,968.8,637333.97,656.26
7/26/2016,BTCUSD,656.26,659.1,646.27,1243.9,814487.72,655.16
7/27/2016,BTCUSD,655.16,659.68,650.27,643.3,422526.77,658.24
7/28/2016,BTCUSD,658.24,659.24,654.63,676.31,444509.43,657.32
7/29/2016,BTCUSD,657.32,657.99,655.87,1021.79,671745.98,657.99
7/30/2016,BTCUSD,657.99,657.99,654.83,198.59,130374.6,655.01
7/31/2016,BTCUSD,655.01,655.01,622.17,638.49,404947.05,622.17
8/1/2016,BTCUSD,622.17,626.61,606,1344.86,833402.75,606.78
8/2/2016,BTCUSD,606.78,614.38,456.36,3356.11,1891926.4,515.86
8/3/2016,BTCUSD,515.86,573.99,508.12,2105.97,1161353.53,572.38
8/4/2016,BTCUSD,572.38,602.15,567.61,1214.75,699809.3,585
8/5/2016,BTCUSD,585,585.15,572,1314.46,756689.49,575.51
8/6/2016,BTCUSD,575.51,590.68,572.14,727.17,423689.96,588.16
8/7/2016,BTCUSD,588.16,598.99,583.68,481.41,284717.06,593.65
8/8/2016,BTCUSD,593.65,598.99,589.66,1086.9,646963.38,595.65
8/9/2016,BTCUSD,595.65,595.96,583.43,1461.42,861476.94,585.76
8/10/2016,BTCUSD,585.76,600,584.07,1297.2,771219.25,595.14
8/11/2016,BTCUSD,595.14,597.19,587.01,994.18,588907.16,587.57
8/12/2016,BTCUSD,587.57,590.22,584.13,1178.5,693614.82,588.83
8/13/2016,BTCUSD,588.83,589.01,584.54,312.91,183870.38,586.99
8/14/2016,BTCUSD,586.99,586.99,566,517.34,296890.36,571.7
8/15/2016,BTCUSD,571.7,573.43,560.32,1004.32,569293.45,569.33
8/16/2016,BTCUSD,569.33,582.87,565.11,2250.67,1294063.25,580.35
8/17/2016,BTCUSD,580.35,580.35,571.16,1328.69,762121.71,574.99
8/18/2016,BTCUSD,574.99,576.72,573,1316.25,757122.81,574.08
8/19/2016,BTCUSD,574.08,576.99,570,1458.38,837295.15,573.7
8/20/2016,BTCUSD,573.7,580.21,573.7,449.71,259301.89,580.21
8/21/2016,BTCUSD,580.21,580.99,579.21,146.04,84777.33,579.85
8/22/2016,BTCUSD,579.85,588.96,579.85,1418.36,829418.58,586.97
8/23/2016,BTCUSD,586.97,586.97,580.66,943.71,549857.78,581.98
8/24/2016,BTCUSD,581.98,581.99,577.99,901.13,522461.91,579.24
8/25/2016,BTCUSD,579.24,579.24,566,2026.44,1161333.85,575.97
8/26/2016,BTCUSD,575.97,578.99,575.76,606.36,350319.44,578.77
8/27/2016,BTCUSD,578.77,578.99,568.01,278.21,159265.05,569.82
8/28/2016,BTCUSD,569.82,572.98,569.82,310.86,177486.57,572.98
8/29/2016,BTCUSD,572.98,575.99,571.71,972.74,558705.67,573.36
8/30/2016,BTCUSD,573.36,579.36,573.35,1263.63,727900.04,577.91
8/31/2016,BTCUSD,577.91,577.91,572.52,1491.14,855848.83,574.22
9/1/2016,BTCUSD,574.22,577.35,570.73,1247.36,716144.18,571.53
9/2/2016,BTCUSD,571.53,577.35,570.73,820.84,471476.74,574.85
9/3/2016,BTCUSD,574.85,607.14,573.93,1213.01,716423.67,600.17
9/4/2016,BTCUSD,600.17,611.84,500,662.56,397938.79,607.67
9/5/2016,BTCUSD,607.67,608.57,601.1,300.25,181521.97,605.98
9/6/2016,BTCUSD,605.98,611.89,605.45,541.27,329527.12,611.89
9/7/2016,BTCUSD,611.89,617.1,609.9,1513.9,931506.85,614.48
9/8/2016,BTCUSD,614.48,628.23,614.48,1379.06,859528.62,624.7
9/9/2016,BTCUSD,624.7,625.7,618.24,898.14,558400.19,622.15
9/10/2016,BTCUSD,622.15,623.8,619.33,486.69,302387.38,623.45
9/11/2016,BTCUSD,623.45,628.79,591.93,811.36,493538.52,604.86
9/12/2016,BTCUSD,604.86,609.13,604.08,698.8,423511.48,607.81
9/13/2016,BTCUSD,607.81,610.78,605.84,836.93,509225.08,607.94
9/14/2016,BTCUSD,607.94,610.73,607.1,674.57,410983.3,608.99
9/15/2016,BTCUSD,608.99,609.5,604.71,1486.35,902841.09,605.76
9/16/2016,BTCUSD,605.76,609.03,605.68,1253.87,761390.46,607.14
9/17/2016,BTCUSD,607.14,607.94,606.36,500,303480.55,606.38
9/18/2016,BTCUSD,606.38,608.99,606.37,228.84,138948.26,608.99
9/19/2016,BTCUSD,608.99,610.3,608,1575.91,960234.01,608.99
9/20/2016,BTCUSD,608.99,608.99,606.81,634.61,385888.25,608.59
9/21/2016,BTCUSD,608.59,608.59,591.95,4385.48,2609562.85,595.61
9/22/2016,BTCUSD,595.61,596.17,592.93,3118.47,1857241.19,594.69
9/23/2016,BTCUSD,594.69,601.34,593.82,4969.89,2976842.02,601.25
9/24/2016,BTCUSD,601.25,603.28,598.51,1593.36,954617.63,601.32
9/25/2016,BTCUSD,601.32,601.48,598.19,1363.46,817615.91,600
9/26/2016,BTCUSD,600,607.58,599.72,2418.75,1463058.84,606.98
9/27/2016,BTCUSD,606.98,607.2,601.11,3770.93,2278251.65,604.9
9/28/2016,BTCUSD,604.9,605.7,602.75,3271.82,1973586.19,604.24
9/29/2016,BTCUSD,604.24,606.52,603.86,3610.81,2184652.63,604.87
9/30/2016,BTCUSD,604.87,607.2,603.51,3356.75,2030182.93,607.2
10/1/2016,BTCUSD,607.2,616,607.2,1114.44,684672.23,614.04
10/2/2016,BTCUSD,614.04,614.04,607,774.69,471431.53,610.5
10/3/2016,BTCUSD,610.5,613,610.4,2500.09,1531896.86,612.91
10/4/2016,BTCUSD,612.91,612.99,609.05,2759.95,1683483.75,609.98
10/5/2016,BTCUSD,609.98,613.94,609.67,2562.14,1566205.98,612.38
10/6/2016,BTCUSD,612.38,613.19,611.27,3245.96,1987364.94,611.8
10/7/2016,BTCUSD,611.8,617.99,610,3135.14,1931579.12,617.99
10/8/2016,BTCUSD,617.99,618.15,616.96,773.81,477844.2,617.99
10/9/2016,BTCUSD,617.99,618.38,615.18,759.55,468728.81,616.06
10/10/2016,BTCUSD,616.06,617.99,614.73,2148.59,1324475.38,617.37
10/11/2016,BTCUSD,617.37,640,617.3,4341.38,2764907.56,640
10/12/2016,BTCUSD,640,640,634.74,3698.39,2359830.15,635.33
10/13/2016,BTCUSD,635.33,640,634.64,2934.47,1866680.69,635.45
10/14/2016,BTCUSD,635.45,641.59,632.44,3519.2,2244783.14,636.93
10/15/2016,BTCUSD,636.93,639.67,633.23,595.55,379145.81,635.17
10/16/2016,BTCUSD,635.17,640.68,635.17,757.33,482783.09,639.58
10/17/2016,BTCUSD,639.58,639.58,634.52,2660,1692964.91,637.79
10/18/2016,BTCUSD,637.79,638.88,633.69,2456.74,1561046.13,635
10/19/2016,BTCUSD,635,637.29,625.69,3193.63,2006496.9,628.61
10/20/2016,BTCUSD,628.61,629.55,622.83,2096.39,1314517.88,629
10/21/2016,BTCUSD,629,631.87,628.23,2635.75,1661384.27,630.15
10/22/2016,BTCUSD,630.15,657.47,630.15,2102.32,1366292.31,656.06
10/23/2016,BTCUSD,656.06,664.54,648.78,473.85,309814.67,650.51
10/24/2016,BTCUSD,650.51,650.51,645.36,3386.23,2195061.91,648.73
10/25/2016,BTCUSD,648.73,658.99,648.25,2589.43,1692215.62,649.56
10/26/2016,BTCUSD,649.56,678.55,646.99,3185.09,2133802.26,668.82
10/27/2016,BTCUSD,668.82,683.26,668.82,2810.99,1912383.61,680
10/28/2016,BTCUSD,680,690.32,679.99,2649.94,1820276.79,688.99
10/29/2016,BTCUSD,688.99,722.21,688.98,1798.51,1281108.95,715.94
10/30/2016,BTCUSD,715.94,715.94,695.23,1017.36,719479.55,700.01
10/31/2016,BTCUSD,700.01,707.7,685.04,3383.23,2380006.8,697.7
11/1/2016,BTCUSD,697.7,736.61,697.7,2299,1665667.03,730.48
11/2/2016,BTCUSD,730.48,734.99,720.04,2628.52,1910849.42,734.99
11/3/2016,BTCUSD,734.99,746.15,674.98,4715.49,3328428.81,685.62
11/4/2016,BTCUSD,685.62,707.83,685.61,3267.99,2280192.11,706.98
11/5/2016,BTCUSD,706.98,711.34,698,582.91,410662.3,706.33
11/6/2016,BTCUSD,706.33,714.91,698.85,1283.33,907878.32,711.15
11/7/2016,BTCUSD,711.15,711.16,701.24,2874.45,2033893.35,709.29
11/8/2016,BTCUSD,709.29,713.99,704.01,3239.73,2302691.86,713.6
11/9/2016,BTCUSD,713.6,739.85,709.68,2677.93,1944232.63,721.48
11/10/2016,BTCUSD,721.48,721.48,705.99,3329.69,2365206.39,710.99
11/11/2016,BTCUSD,710.99,718.07,710.92,1793.94,1279859.46,715.23
11/12/2016,BTCUSD,715.23,715.23,698.99,524.93,369709.82,700.31
11/13/2016,BTCUSD,700.31,704.12,684.46,898.55,622639.13,702
11/14/2016,BTCUSD,702,708.46,696.37,1532.28,1078063.58,707.03
11/15/2016,BTCUSD,707.03,716.85,705.54,2631.77,1878245.25,712.44
11/16/2016,BTCUSD,712.44,742.81,710.36,3462.26,2534527.07,739.99
11/17/2016,BTCUSD,739.99,750,733.5,2782.66,2058291.58,736.03
11/18/2016,BTCUSD,736.03,750,735.61,1207.81,898999.2,748.13
11/19/2016,BTCUSD,748.13,755.5,745,593.62,445035,750.98
11/20/2016,BTCUSD,750.98,751.99,710.03,1434.69,1043439.58,727.36
11/21/2016,BTCUSD,727.36,738.73,725.45,1896.13,1394461.23,737.48
11/22/2016,BTCUSD,737.48,751.67,733.52,4130.47,3072634.53,748.35
11/23/2016,BTCUSD,748.35,748.35,732.18,1796.89,1333425.06,742.41
11/24/2016,BTCUSD,742.41,745.72,728,1528.78,1125495.11,737.99
11/25/2016,BTCUSD,737.99,741.75,730.25,1688.61,1242725.97,741.28
11/26/2016,BTCUSD,741.28,742.54,724.49,530.09,389579.1,736.45
11/27/2016,BTCUSD,736.45,736.45,728.35,1412.81,1035273.66,728.35
11/28/2016,BTCUSD,728.35,734.6,724.81,2569.57,1880058.35,732.99
11/29/2016,BTCUSD,732.99,735.36,731.88,1990.72,1460133.43,732.36
11/30/2016,BTCUSD,732.36,745.5,732.36,2238.84,1657189.75,742.11
12/1/2016,BTCUSD,742.11,757,742.11,2099.74,1578190.18,753.99
12/2/2016,BTCUSD,753.99,777.05,753.99,3228.92,2483261.19,774.14
12/3/2016,BTCUSD,774.14,774.98,760.51,1289.54,991356.63,766.47
12/4/2016,BTCUSD,766.47,769.97,763.02,505.16,386967.48,765.69
12/5/2016,BTCUSD,765.69,765.99,743.73,2312.42,1743529.82,754.88
12/6/2016,BTCUSD,754.88,759.38,752.13,2224.64,1683436.88,758.99
12/7/2016,BTCUSD,758.99,769.98,752.24,2370.27,1817145.95,765.49
12/8/2016,BTCUSD,765.49,772.46,762.5,1913.75,1468737.46,768.68
12/9/2016,BTCUSD,768.68,773.35,764.5,2011.33,1549362.29,770.1
12/10/2016,BTCUSD,770.1,775.99,769.14,777.89,601424.17,771.79
12/11/2016,BTCUSD,771.79,771.79,765.28,573.24,440245.09,769.44
12/12/2016,BTCUSD,769.44,780.8,769.44,1895.97,1472893.72,779.65
12/13/2016,BTCUSD,779.65,790.84,768.26,2543.27,1983054.61,780.64
12/14/2016,BTCUSD,780.64,780.99,772.61,2177.1,1691510.2,774.84
12/15/2016,BTCUSD,774.84,780.25,774.55,3988.66,3100862.14,775.18
12/16/2016,BTCUSD,775.18,782.47,774.16,2846.87,2218125.6,782.47
12/17/2016,BTCUSD,782.47,791.13,782.47,815.32,642319.59,789.39
12/18/2016,BTCUSD,789.39,790.28,785.71,541.47,427042.57,790.12
12/19/2016,BTCUSD,790.12,790.99,785.1,2835.51,2236338.92,790.2
12/20/2016,BTCUSD,790.2,800.88,788.11,2592.49,2052476.66,800.88
12/21/2016,BTCUSD,800.88,829.09,796.89,3842.51,3144178.47,826.21
12/22/2016,BTCUSD,826.21,871.36,826.15,4242.1,3636380.41,859
12/23/2016,BTCUSD,859,919.23,858.37,4465.5,3994223.23,919.23
12/24/2016,BTCUSD,919.23,923.47,886.08,1010.86,913468.58,893.68
12/25/2016,BTCUSD,893.68,900.33,860.76,789.08,697385.24,896.98
12/26/2016,BTCUSD,896.98,919.41,896.22,793.42,717607.63,905.57
12/27/2016,BTCUSD,905.57,941.19,900.86,2490.67,2319656.24,932.65
12/28/2016,BTCUSD,932.65,981.92,932.48,2510.09,2412458.09,981.92
12/29/2016,BTCUSD,981.92,985.43,950.3,1914.21,1850466.14,978.57
12/30/2016,BTCUSD,978.57,978.57,929.9,1629.33,1558808.1,966.71
12/31/2016,BTCUSD,966.71,974.55,950,764.88,735542.53,974.55
1/1/2017,BTCUSD,974.55,1003.54,965,1061.14,1052682.94,999.95
1/2/2017,BTCUSD,999.95,1035.9,995,1446.64,1472541.92,1020.23
1/3/2017,BTCUSD,1020.23,1038.26,1014.06,2179,2231435.06,1038
1/4/2017,BTCUSD,1038,1155.54,1032.73,3318.97,3612399.3,1142.15
1/5/2017,BTCUSD,1142.15,1167.16,879,6007.34,5971785.19,989.99
1/6/2017,BTCUSD,989.99,1025.56,879.1,6506.72,6112552.41,893.49
1/7/2017,BTCUSD,893.49,908.1,820.99,2263.37,1969093.18,898.75
1/8/2017,BTCUSD,898.75,940.1,890,1555.03,1424914.93,912.99
1/9/2017,BTCUSD,912.99,913.99,880.5,3164.74,2833043.55,902.98
1/10/2017,BTCUSD,902.98,913.99,900.38,2473.06,2241278.21,907.99
1/11/2017,BTCUSD,907.99,921.77,760.11,7171.97,5873948,789.31
1/12/2017,BTCUSD,789.31,832.15,752,3914.88,3115110.61,813.02
1/13/2017,BTCUSD,813.02,833.79,777.91,4320.73,3505548.9,826.69
1/14/2017,BTCUSD,826.69,839.78,815,766.37,633743.52,824.65
1/15/2017,BTCUSD,824.65,829.58,812,348.23,285946.45,827.56
1/16/2017,BTCUSD,827.56,841.28,822.53,869.74,724199.79,835.13
1/17/2017,BTCUSD,835.13,910.99,831.82,3967.7,3517231.08,907.19
1/18/2017,BTCUSD,907.19,916.89,851.39,3364.86,2970220.5,878.02
1/19/2017,BTCUSD,878.02,908.97,878.01,2843.34,2554131.69,901.75
1/20/2017,BTCUSD,901.75,906.56,885.01,3193.55,2868680.69,899.53
1/21/2017,BTCUSD,899.53,928.97,896.77,1350.07,1235056.12,923.25
1/22/2017,BTCUSD,923.25,940.42,895.51,1302.74,1196674.44,921.82
1/23/2017,BTCUSD,921.82,928,915.37,2578,2371902.86,923.87
1/24/2017,BTCUSD,923.87,925.09,887.29,3830.88,3457393.83,890.66
1/25/2017,BTCUSD,890.66,903.02,882.01,2502.75,2233394.99,894.06
1/26/2017,BTCUSD,894.06,920.59,893.23,2109.97,1923339.66,918.42
1/27/2017,BTCUSD,918.42,924.88,909.97,2187.5,2013902.61,921.01
1/28/2017,BTCUSD,921.01,922.99,918.78,389.64,358903.75,921.29
1/29/2017,BTCUSD,921.29,922.99,915,311.58,286509.28,916.77
1/30/2017,BTCUSD,916.77,923.99,912.01,1660.4,1529001.87,923.02
1/31/2017,BTCUSD,923.02,970.04,921.99,1836.05,1748798.09,967.02
2/1/2017,BTCUSD,967.02,990,962.35,2404.69,2346365.67,989.1
2/2/2017,BTCUSD,989.1,1013.92,977.51,3122.29,3117788.13,1005.97
2/3/2017,BTCUSD,1005.97,1024,995.98,3865.48,3925432.73,1015.09
2/4/2017,BTCUSD,1015.09,1041.97,1005.01,1479.36,1513440.08,1032.98
2/5/2017,BTCUSD,1032.98,1032.99,998.88,957.83,972422.38,1011.9
2/6/2017,BTCUSD,1011.9,1028.12,1009.9,3594.23,3669393.63,1024.99
2/7/2017,BTCUSD,1024.99,1055,1023.19,3097.4,3241833.55,1055
2/8/2017,BTCUSD,1055,1071.3,1023.58,3190.49,3358745.58,1060.31
2/9/2017,BTCUSD,1060.31,1079.99,948.22,7562.58,7468414.6,984.81
2/10/2017,BTCUSD,984.81,1009.09,955.99,2458.81,2412479.88,1003.97
2/11/2017,BTCUSD,1003.97,1020.43,995.62,827.38,835008.39,1015.18
2/12/2017,BTCUSD,1015.18,1016.55,1004.43,448.89,452863.64,1008.49
2/13/2017,BTCUSD,1008.49,1014.99,990,2683.01,2678810.98,1000.05
2/14/2017,BTCUSD,1000.05,1020.01,994.35,2125.24,2144390.71,1012.65
2/15/2017,BTCUSD,1012.65,1015.57,1006,2614.81,2650538.67,1013.67
2/16/2017,BTCUSD,1013.67,1042.14,1013.54,3525.22,3636909.39,1034.33
2/17/2017,BTCUSD,1034.33,1063.99,1034.33,2965.85,3128329.79,1059.75
2/18/2017,BTCUSD,1059.75,1069.23,1053.84,1652.41,1759408.11,1059.84
2/19/2017,BTCUSD,1059.84,1062.2,1047.35,1204.86,1269774.84,1054.72
2/20/2017,BTCUSD,1054.72,1085.13,1048.05,2586.44,2747077.53,1085.13
2/21/2017,BTCUSD,1085.13,1134.59,1079.67,3831.35,4246258.32,1133.68
2/22/2017,BTCUSD,1133.68,1140,1109.99,4097.34,4619409.23,1128.54
2/23/2017,BTCUSD,1128.54,1193.99,1126.13,4716.48,5457799.51,1181.02
2/24/2017,BTCUSD,1181.02,1213.39,1107.56,8656.16,10200773.8,1183.72
2/25/2017,BTCUSD,1183.72,1186.69,1126.54,2471.08,2854606.79,1148.77
2/26/2017,BTCUSD,1148.77,1185.99,1133.33,2427.77,2827742.58,1182.03
2/27/2017,BTCUSD,1182.03,1201.03,1172.67,3142.83,3737663.34,1194.5
2/28/2017,BTCUSD,1194.5,1214.96,1181.16,5476.53,6550162.06,1195.2
3/1/2017,BTCUSD,1195.2,1230,1190.62,3481.12,4243681.33,1228.9
3/2/2017,BTCUSD,1228.9,1285.1,1215.36,12749.77,16179315.89,1260.21
3/3/2017,BTCUSD,1260.21,1293.35,1258.65,15630.95,20087111.3,1287.98
3/4/2017,BTCUSD,1287.98,1287.99,1241.01,1807.76,2288054.09,1270
3/5/2017,BTCUSD,1270,1275,1245.21,1628.88,2052223.11,1273.99
3/6/2017,BTCUSD,1273.99,1288.98,1273.99,3216.29,4124731.86,1288.88
3/7/2017,BTCUSD,1288.88,1288.89,1188.97,7207.78,9028123.08,1236.29
3/8/2017,BTCUSD,1236.29,1245.99,1150.01,5376.67,6413854.16,1151.39
3/9/2017,BTCUSD,1151.39,1211.82,1135.51,2887.38,3399309.59,1197.2
3/10/2017,BTCUSD,1197.2,1325,980.01,13988.29,16846615.42,1109.29
3/11/2017,BTCUSD,1109.29,1197.72,1109.03,3076.32,3575284.85,1182.64
3/12/2017,BTCUSD,1182.64,1237.68,1176.4,1209.49,1471321.75,1232.63
3/13/2017,BTCUSD,1232.63,1250,1215.98,2507.49,3100333.54,1246.86
3/14/2017,BTCUSD,1246.86,1258.48,1228.86,2235.71,2790544.14,1248.2
3/15/2017,BTCUSD,1248.2,1265,1246,2791.19,3498724.4,1261.75
3/16/2017,BTCUSD,1261.75,1263.11,1131.76,6008.87,7218977.88,1175.29
3/17/2017,BTCUSD,1175.29,1175.29,1065.92,7824.26,8777881.59,1070.6
3/18/2017,BTCUSD,1070.6,1097.68,948.6,5799.2,5877646.98,965.1
3/19/2017,BTCUSD,965.1,1060,965.1,2224.46,2248709.84,1010.63
3/20/2017,BTCUSD,1010.63,1051.32,1010.01,2569.4,2662398.05,1041.61
3/21/2017,BTCUSD,1041.61,1119.4,1041.61,5528.76,6064968.61,1113.81
3/22/2017,BTCUSD,1113.81,1114.33,990.1,6072.34,6292795.67,1037.97
3/23/2017,BTCUSD,1037.97,1052.82,1017.55,3872.77,4022112.9,1033
3/24/2017,BTCUSD,1033,1033.99,925,5517.71,5393455.73,936.83
3/25/2017,BTCUSD,936.83,978.6,892.12,3976.56,3705211.7,966.76
3/26/2017,BTCUSD,966.76,1000,948.33,3442.31,3366712.79,967.14
3/27/2017,BTCUSD,967.14,1046.16,959.88,5114.02,5191542.35,1045.01
3/28/2017,BTCUSD,1045.01,1064.98,1019.02,6806.16,7097106.21,1045.04
3/29/2017,BTCUSD,1045.04,1055.89,1011,5048.64,5237319.77,1041.03
3/30/2017,BTCUSD,1041.03,1049.84,1022.12,5146.84,5327151.27,1041.75
3/31/2017,BTCUSD,1041.75,1090.65,1041.7,5102,5425230.28,1084.22
4/1/2017,BTCUSD,1084.22,1112.43,1073.68,2174.03,2371663.55,1089.99
4/2/2017,BTCUSD,1089.99,1114.15,1081.45,1938.65,2131345.59,1107.45
4/3/2017,BTCUSD,1107.45,1161.46,1107.45,5394.04,6151840.96,1152.94
4/4/2017,BTCUSD,1152.94,1159.67,1126.8,5161.47,5909365.29,1149.03
4/5/2017,BTCUSD,1149.03,1149.03,1115.54,4170.76,4712142.03,1134.73
4/6/2017,BTCUSD,1134.73,1207.8,1134.7,6208.84,7286599.66,1195.77
4/7/2017,BTCUSD,1195.77,1206,1176.37,4176.54,4989277.38,1194.67
4/8/2017,BTCUSD,1194.67,1198,1167,1722.06,2043342.16,1184.5
4/9/2017,BTCUSD,1184.5,1217.49,1180.9,1953.89,2348907.76,1210.08
4/10/2017,BTCUSD,1210.08,1216.99,1202.8,4505.36,5454153.15,1210.64
4/11/2017,BTCUSD,1210.64,1232.62,1200.63,4821.97,5860285.54,1223.76
4/12/2017,BTCUSD,1223.76,1226.5,1210.69,5563.56,6777571.33,1218.12
4/13/2017,BTCUSD,1218.12,1221.48,1153.36,6101.08,7210239.84,1177.88
4/14/2017,BTCUSD,1177.88,1193.08,1170.11,5034.67,5947842.56,1175.5
4/15/2017,BTCUSD,1175.5,1194.54,1170,1784.53,2111074.36,1174.69
4/16/2017,BTCUSD,1174.69,1183.99,1166.51,1184.6,1395055.92,1178.01
4/17/2017,BTCUSD,1178.01,1196.38,1175.06,3824.79,4531180.28,1193.81
4/18/2017,BTCUSD,1193.81,1209.27,1193.81,5232.31,6280213.6,1204
4/19/2017,BTCUSD,1204,1211.45,1189.18,5957.42,7156869.26,1211.45
4/20/2017,BTCUSD,1211.45,1244.73,1210.6,5817.59,7140008.98,1238.45
4/21/2017,BTCUSD,1238.45,1256,1237.5,4460.49,5557584.14,1250
4/22/2017,BTCUSD,1250,1250,1226,1637.49,2036284.75,1247.66
4/23/2017,BTCUSD,1247.66,1250.48,1235.46,1514.49,1886267.18,1247.83
4/24/2017,BTCUSD,1247.83,1259.91,1240.21,4462.42,5575223.29,1255.71
4/25/2017,BTCUSD,1255.71,1282.87,1253.96,4145.89,5270743.84,1282.56
4/26/2017,BTCUSD,1282.56,1314.05,1278.89,6360.84,8239433.07,1294.91
4/27/2017,BTCUSD,1294.91,1370,1293.07,11591.4,15592322.34,1346.04
4/28/2017,BTCUSD,1346.04,1367.65,1300,15562.73,20895489.53,1347.19
4/29/2017,BTCUSD,1347.19,1355.1,1330.9,2133.4,2868277.71,1351.08
4/30/2017,BTCUSD,1351.08,1363.84,1325,1982.65,2658879.77,1362.63
5/1/2017,BTCUSD,1362.63,1480,1352.8,19714.91,28391677.51,1440.82
5/2/2017,BTCUSD,1440.82,1489.61,1421.11,6791.27,9877052.25,1464.94
5/3/2017,BTCUSD,1464.94,1535.6,1444.99,5684.8,8447912.24,1517.95
5/4/2017,BTCUSD,1517.95,1650,1475.01,9561.6,14883276.29,1550
5/5/2017,BTCUSD,1550,1626.73,1521.24,7434.68,11662171.4,1546.93
5/6/2017,BTCUSD,1546.93,1585.6,1546.92,2347.5,3684798.06,1580.99
5/7/2017,BTCUSD,1580.99,1609,1566.14,2752.06,4365686.53,1602.17
5/8/2017,BTCUSD,1602.17,1686.39,1602.17,8776.49,14331745.14,1686.39
5/9/2017,BTCUSD,1686.39,1779,1681.93,9382.65,16257862.59,1719.51
5/10/2017,BTCUSD,1719.51,1796.01,1698,7849.45,13849146.09,1793.26
5/11/2017,BTCUSD,1793.26,1884,1775,17803.68,32420035.36,1834.1
5/12/2017,BTCUSD,1834.1,1838.59,1657.86,15969.6,28152441.08,1694.64
5/13/2017,BTCUSD,1694.64,1781.71,1602.36,6266.37,10714851.12,1781.71
5/14/2017,BTCUSD,1781.71,1817.57,1754.83,1660.88,2975269.98,1794.01
5/15/2017,BTCUSD,1794.01,1794.01,1667,12693.56,21860802.63,1742.67
5/16/2017,BTCUSD,1742.67,1770,1701.01,6480.64,11330852.33,1769.71
5/17/2017,BTCUSD,1769.71,1837.36,1750,10046.33,18227098.01,1812.57
5/18/2017,BTCUSD,1812.57,1895.55,1808.15,7852.25,14523445.05,1895.55
5/19/2017,BTCUSD,1895.55,1965.23,1894.64,7865.64,15189698.86,1965.01
5/20/2017,BTCUSD,1965.01,2045,1965.01,5545.09,11082377.36,2044.4
5/21/2017,BTCUSD,2044.4,2089.44,1981.37,3903.06,7956641.27,2026
5/22/2017,BTCUSD,2026,2249,1998.5,11332.24,23928854.61,2101.33
5/23/2017,BTCUSD,2101.33,2264,2101.33,11254.57,24940822.11,2261.22
5/24/2017,BTCUSD,2261.22,2479,2261.22,10964.29,26072742,2436.45
5/25/2017,BTCUSD,2436.45,2779,2199.6,25383.88,64640506.75,2330.84
5/26/2017,BTCUSD,2330.84,2628.71,2055.55,17459.69,41282802.1,2267.37
5/27/2017,BTCUSD,2267.37,2342.1,1910.55,10130.14,21322187.03,2096.77
5/28/2017,BTCUSD,2096.77,2323.99,2095.61,4915.8,10885221.21,2230.77
5/29/2017,BTCUSD,2230.77,2340.1,2150,6429.74,14604821.77,2284.3
5/30/2017,BTCUSD,2284.3,2324.27,2151.21,14157.48,31837094.78,2197.33
5/31/2017,BTCUSD,2197.33,2325.89,2179.98,14248.18,32014961.91,2303.62
6/1/2017,BTCUSD,2303.62,2459,2300,11493.71,27291433.44,2412.34
6/2/2017,BTCUSD,2412.34,2484.04,2375,8743.25,21120497.79,2484.04
6/3/2017,BTCUSD,2484.04,2589.69,2461.36,4101.37,10395286.16,2554.91
6/4/2017,BTCUSD,2554.91,2566.26,2483.03,3719.02,9387640.6,2520.05
6/5/2017,BTCUSD,2520.05,2700.2,2520.04,5934.04,15478385.54,2689.43
6/6/2017,BTCUSD,2689.43,2924,2689.4,12177.9,34291677.47,2880.23
6/7/2017,BTCUSD,2880.23,2884.98,2618.28,8627.96,24000641.7,2690
6/8/2017,BTCUSD,2690,2815.39,2610.67,10231.79,28122808.38,2800
6/9/2017,BTCUSD,2800,2854.12,2794.31,7035.2,19832299.67,2807.01
6/10/2017,BTCUSD,2807.01,2903.96,2803,5968.37,17018471.33,2903.77
6/11/2017,BTCUSD,2903.77,2960,2859.76,4092.99,11917922.32,2960
6/12/2017,BTCUSD,2960,2975,2470,19056.61,50503982.61,2656.3
6/13/2017,BTCUSD,2656.3,2772.03,2647.56,12222.35,32989227.35,2715.86
6/14/2017,BTCUSD,2715.86,2800,2341.2,14483.01,37437465.61,2459.56
6/15/2017,BTCUSD,2459.56,2510.38,2059.41,22303.92,51364962.96,2416.16
6/16/2017,BTCUSD,2416.16,2508.23,2310.81,9859.92,24102323.69,2484.64
6/17/2017,BTCUSD,2484.64,2664.89,2430.32,4953.89,12714753.6,2638.24
6/18/2017,BTCUSD,2638.24,2663.66,2458.59,5487.04,14010760.71,2519.87
6/19/2017,BTCUSD,2519.87,2594.99,2491.12,6321.09,16129629.04,2594.99
6/20/2017,BTCUSD,2594.99,2786,2589.67,7802.06,21003970.54,2734.14
6/21/2017,BTCUSD,2734.14,2769.99,2586.27,11073.04,29746424.6,2645.1
6/22/2017,BTCUSD,2645.1,2726.96,2595,8141.15,21714756.1,2689.58
6/23/2017,BTCUSD,2689.58,2729.34,2672.24,5613.06,15185666.79,2684.63
6/24/2017,BTCUSD,2684.63,2710.51,2510.01,4988.23,13104724.93,2572.96
6/25/2017,BTCUSD,2572.96,2636.55,2429.42,6128.04,15611580.85,2497.6
6/26/2017,BTCUSD,2497.6,2549.72,2275.27,14723.23,35653110.77,2415.62
6/27/2017,BTCUSD,2415.62,2573.77,2269.46,18608.2,44650715.94,2573.77
6/28/2017,BTCUSD,2573.77,2596.26,2466.62,12428.47,31577678.34,2554.97
6/29/2017,BTCUSD,2554.97,2589.51,2503.01,7972.64,20365455.05,2549.89
6/30/2017,BTCUSD,2549.89,2549.9,2441.14,8660.14,21711417.43,2456.01
7/1/2017,BTCUSD,2456.01,2500,2385,5227,12731882.83,2416.12
7/2/2017,BTCUSD,2416.12,2541.87,2375.03,5574.46,13662752.15,2507.84
7/3/2017,BTCUSD,2507.84,2584,2477.13,6289.94,15926572.65,2540.94
7/4/2017,BTCUSD,2540.94,2631.32,2540.93,4419.68,11447348.29,2606.64
7/5/2017,BTCUSD,2606.64,2650,2550.01,19342.33,50208008.09,2625.06
7/6/2017,BTCUSD,2625.06,2645.54,2579.79,8435.75,21944313.06,2605.53
7/7/2017,BTCUSD,2605.53,2609.87,2457.12,13327.76,33627161.37,2493.79
7/8/2017,BTCUSD,2493.79,2550.1,2461.46,5463.92,13677738.07,2547.77
7/9/2017,BTCUSD,2547.77,2572.31,2501.02,5918.74,15047582.46,2501.02
7/10/2017,BTCUSD,2501.02,2520.1,2252.57,16472.85,39663519.21,2329.4
7/11/2017,BTCUSD,2329.4,2400,2251.07,16399.92,38322164.51,2305.05
7/12/2017,BTCUSD,2305.05,2401.4,2242.87,13488.98,31621874.09,2383.82
7/13/2017,BTCUSD,2383.82,2420,2315.61,11854.39,27975709.78,2343.48
7/14/2017,BTCUSD,2343.48,2352.67,2142.22,13645.67,30558401.57,2213.01
7/15/2017,BTCUSD,2213.01,2218.52,1965.13,14804.13,30554833.34,1967.34
7/16/2017,BTCUSD,1967.34,2039,1800,13823.39,26431755.87,1904
7/17/2017,BTCUSD,1904,2229.07,1897.35,18163.01,37714588.91,2229.07
7/18/2017,BTCUSD,2229.07,2389.99,2145.65,27980.12,64219054.72,2304.36
7/19/2017,BTCUSD,2304.36,2404.01,2222.88,21093.74,48678226.58,2264.29
7/20/2017,BTCUSD,2264.29,2950.47,2264.28,49229.15,129039295,2889.98
7/21/2017,BTCUSD,2889.98,2910,2609.89,19174.24,52681625.31,2661.99
7/22/2017,BTCUSD,2661.99,2872.86,2650.01,8416.24,23474021.72,2838.07
7/23/2017,BTCUSD,2838.07,2849.99,2668.05,9717,26910949.71,2761.45
7/24/2017,BTCUSD,2761.45,2795,2715.2,9193.13,25261098.79,2758.5
7/25/2017,BTCUSD,2758.5,2772.99,2450,22993.17,59204763.6,2558.27
7/26/2017,BTCUSD,2558.27,2599.99,2401.01,14675.09,36524447.82,2524.52
7/27/2017,BTCUSD,2524.52,2687.15,2514.15,10307.23,26655123.45,2662.99
7/28/2017,BTCUSD,2662.99,2821.55,2652.21,12193.38,33527884.94,2786.19
7/29/2017,BTCUSD,2786.19,2788.9,2648.75,7753.55,21049297.78,2706.14
7/30/2017,BTCUSD,2706.14,2749.99,2600,5230.52,14086858.98,2749.99
7/31/2017,BTCUSD,2749.99,2960,2703.15,7849.75,21992989.58,2871.27
8/1/2017,BTCUSD,2871.27,2924.22,2641.42,7575.09,20896983.29,2730
8/2/2017,BTCUSD,2730,2753.87,2650,7993.92,21574784.16,2703.44
8/3/2017,BTCUSD,2703.44,2795.67,2703.44,9804.05,27046479.23,2783.43
8/4/2017,BTCUSD,2783.43,2870.91,2760.68,7120.88,20199510.75,2844.99
8/5/2017,BTCUSD,2844.99,3332.09,2840.16,14597.47,45917293.18,3252.34
8/6/2017,BTCUSD,3252.34,3279.63,3147,6757.62,21768273.58,3218.74
8/7/2017,BTCUSD,3218.74,3410.97,3180.15,9480.84,31485789.1,3391.48
8/8/2017,BTCUSD,3391.48,3483.39,3345.97,11636.03,39753753.69,3421.11
8/9/2017,BTCUSD,3421.11,3425.31,3237.14,10679.54,35580943.76,3348.99
8/10/2017,BTCUSD,3348.99,3441.17,3318.16,8117.77,27627933.93,3421.45
8/11/2017,BTCUSD,3421.45,3705.16,3420.29,10646.1,37685761.47,3639.99
8/12/2017,BTCUSD,3639.99,3972.53,3594.31,13722.84,51835081.35,3863.3
8/13/2017,BTCUSD,3863.3,4174.48,3843.72,14120.46,56816704.32,4046.34
8/14/2017,BTCUSD,4046.34,4325,3961.65,17144.48,72021231.87,4318.3
8/15/2017,BTCUSD,4318.3,4436.01,3821.85,22864.64,94144558.5,4154.84
8/16/2017,BTCUSD,4154.84,4364.05,3935.01,9478.98,39103029.46,4322.44
8/17/2017,BTCUSD,4322.44,4474,4226.99,11985.94,52171030.95,4284.45
8/18/2017,BTCUSD,4284.45,4355,3971.01,13305.95,55591110.6,4102.48
8/19/2017,BTCUSD,4102.48,4184.8,3985,9563.1,39073968.1,4145.11
8/20/2017,BTCUSD,4145.11,4168.88,4010.8,9480.97,38733839.15,4049.98
8/21/2017,BTCUSD,4049.98,4073.73,3943.44,16390.54,65626674.79,3993.87
8/22/2017,BTCUSD,3993.87,4140.05,3600.01,17464.11,68475115.16,4093.28
8/23/2017,BTCUSD,4093.28,4250.02,4066.23,9973.65,41442542.03,4147.1
8/24/2017,BTCUSD,4147.1,4350,4108.82,8727.49,36738021.86,4313.21
8/25/2017,BTCUSD,4313.21,4480.01,4284.83,9363.46,40887057.71,4371.25
8/26/2017,BTCUSD,4371.25,4371.25,4371.25,0,0,4371.25
8/27/2017,BTCUSD,4371.25,4371.26,4321.86,4077.07,17724588.51,4340.88
8/28/2017,BTCUSD,4340.88,4400,4202.48,8832.05,38084155.2,4379.96
8/29/2017,BTCUSD,4379.96,4705.07,4345.13,10485.82,47403678.71,4589.99
8/30/2017,BTCUSD,4589.99,4641.43,4495.05,9151.09,41797324.39,4583.85
8/31/2017,BTCUSD,4583.85,4762.76,4579.91,7396.01,34644172.58,4736.28
9/1/2017,BTCUSD,4736.28,4924,4709.28,8173.61,39489710.93,4924
9/2/2017,BTCUSD,4924,4985,4505,13482.98,63608581.17,4642.85
9/3/2017,BTCUSD,4642.85,4740.41,4460.05,9618.61,44313445.69,4607.47
9/4/2017,BTCUSD,4607.47,4614.36,4100,14221.8,61338241.83,4278.86
9/5/2017,BTCUSD,4278.86,4494.6,4012.02,14333.1,61738092.1,4393
9/6/2017,BTCUSD,4393,4645,4380.78,9981.06,45222315.64,4609.17
9/7/2017,BTCUSD,4609.17,4665.23,4484.68,5900.73,27021543.43,4623.19
9/8/2017,BTCUSD,4623.19,4669.98,4000,14814.56,64259227.44,4346.24
9/9/2017,BTCUSD,4346.24,4405,4182.16,5908.35,25492488.55,4325.17
9/10/2017,BTCUSD,4325.17,4329.97,4083.55,7200.1,30296416.88,4243.48
9/11/2017,BTCUSD,4243.48,4370.28,4110.48,9638.9,40567670.82,4209.69
9/12/2017,BTCUSD,4209.69,4372.05,4070.01,7698.41,32452537.09,4155.55
9/13/2017,BTCUSD,4155.55,4173.78,3743.75,16477.52,64469196.94,3855.01
9/14/2017,BTCUSD,3855.01,3920.2,3219.89,24715.98,86739154.17,3242.63
9/15/2017,BTCUSD,3242.63,3839.19,2955.01,35731.97,120712069.8,3709.85
9/16/2017,BTCUSD,3709.85,3854.7,3580.01,5582.44,20638634.34,3715.38
9/17/2017,BTCUSD,3715.38,3825.54,3505.94,3911.3,14409256.89,3716.46
9/18/2017,BTCUSD,3716.46,4115.93,3716.45,10652.72,42385452.7,4098.03
9/19/2017,BTCUSD,4098.03,4117.03,3850,9550.52,37798595.88,3903.4
9/20/2017,BTCUSD,3903.4,4034.99,3828.93,6216.14,24528663.28,3866
9/21/2017,BTCUSD,3866,3899.86,3573,9864.82,36923731.1,3616.74
9/22/2017,BTCUSD,3616.74,3758.12,3510.84,5845.57,21133557.67,3620.96
9/23/2017,BTCUSD,3620.96,3812.88,3562.8,3322.74,12349932.51,3783.6
9/24/2017,BTCUSD,3783.6,3783.61,3619.76,1995.41,7381293.13,3667.99
9/25/2017,BTCUSD,3667.99,3956.86,3665.98,6413.48,24626181.61,3916.48
9/26/2017,BTCUSD,3916.48,3958.06,3852.61,4585.89,17957210.31,3885.14
9/27/2017,BTCUSD,3885.14,4225,3876.01,8659.89,35090663.42,4204.51
9/28/2017,BTCUSD,4204.51,4281.6,3336.67,9122.99,37892835.21,4188
9/29/2017,BTCUSD,4188,4209.85,4020,6190.42,25539861.98,4182.9
9/30/2017,BTCUSD,4182.89,4339.99,4182.89,2981.13,12765562.28,4327.63
10/1/2017,BTCUSD,4327.63,4399,4250,2672.27,11527231.02,4388.74
10/2/2017,BTCUSD,4388.74,4457.01,4361,5714.47,25174900.61,4385.7
10/3/2017,BTCUSD,4385.7,4417.98,4104.51,5092.08,21933517.41,4300
10/4/2017,BTCUSD,4300,4339.98,4175,4624.12,19650002.47,4214.25
10/5/2017,BTCUSD,4214.25,4360.38,4145,4053.29,17314733.59,4318.57
10/6/2017,BTCUSD,4318.57,4410.26,4300,5189.86,22626193.68,4362.42
10/7/2017,BTCUSD,4362.42,4448,4320.01,1828.99,8000413.89,4425.01
10/8/2017,BTCUSD,4425.01,4609,4412.42,3207.02,14462969.41,4602.5
10/9/2017,BTCUSD,4602.5,4875,4550,7416.65,34797102.65,4751.08
10/10/2017,BTCUSD,4751.08,4919.01,4712.11,4033.6,19398039.87,4756.22
10/11/2017,BTCUSD,4756.22,4864.67,4720,7341.19,35219675.44,4813.85
10/12/2017,BTCUSD,4813.85,5437.69,4811.06,13090.34,67814428.51,5437.68
10/13/2017,BTCUSD,5437.68,5868.78,5390.93,15361.37,86512838.45,5636.28
10/14/2017,BTCUSD,5636.28,5800,5555.89,3622.56,20633868.18,5799.99
10/15/2017,BTCUSD,5799.99,5833.72,5450,7194.68,40519793.12,5694.61
10/16/2017,BTCUSD,5694.61,5778.35,5575,4852.5,27615319.02,5748.56
10/17/2017,BTCUSD,5748.56,5769.99,5513.45,5442.35,30564045.49,5592.26
10/18/2017,BTCUSD,5592.26,5604.05,5082.24,10300.66,55159334.12,5569.33
10/19/2017,BTCUSD,5569.33,5745.03,5512.9,6813.19,38469075.03,5695.01
10/20/2017,BTCUSD,5695.01,6050,5615,11271.87,66012207.94,5984.03
10/21/2017,BTCUSD,5984.03,6178.79,5900.01,6020.94,36519787.16,6012.58
10/22/2017,BTCUSD,6012.58,6069.67,5750,5172.73,30502617.88,5974.97
10/23/2017,BTCUSD,5974.97,6060.28,5625.31,9049.98,52981345.66,5899.6
10/24/2017,BTCUSD,5899.6,5903,5464,9343.12,52870248.67,5517.21
10/25/2017,BTCUSD,5517.21,5750.97,5375,7413.65,40991869.5,5741.66
10/26/2017,BTCUSD,5741.66,5992.51,5692,5548.96,32458083.18,5889.42
10/27/2017,BTCUSD,5889.42,5992.01,5703.08,5054.53,29347679.18,5765.32
10/28/2017,BTCUSD,5765.32,5884.97,5660.79,2566.11,14759022.39,5730.01
10/29/2017,BTCUSD,5730.01,6295.03,5699.33,6634.81,40036625.76,6132.76
10/30/2017,BTCUSD,6132.76,6204.6,6025.25,4699.96,28772477.08,6124.69
10/31/2017,BTCUSD,6124.69,6467.32,6097.8,6053.92,38278978.63,6448.36
11/1/2017,BTCUSD,6448.36,6750,6365,8002.13,52360522.53,6741.02
11/2/2017,BTCUSD,6741.02,7336,6730,14647.22,102052501.3,7037.48
11/3/2017,BTCUSD,7037.48,7448.78,6952.59,8643.78,62637881.34,7177.28
11/4/2017,BTCUSD,7177.28,7511.34,7099.01,3565.8,26126178.52,7371.55
11/5/2017,BTCUSD,7371.55,7589.79,7300,5159.11,38544604.88,7394.44
11/6/2017,BTCUSD,7394.44,7410,6947.63,7809.3,55914080.82,6975.01
11/7/2017,BTCUSD,6975.01,7234.68,6975,5242.72,37184640.01,7109.7
11/8/2017,BTCUSD,7109.7,7950.03,7050.11,14651.14,109081947.8,7465.53
11/9/2017,BTCUSD,7465.53,7478.57,7101.02,7643.88,55388780.66,7151.49
11/10/2017,BTCUSD,7151.49,7335.05,6420,16339.57,110697130.6,6585.11
11/11/2017,BTCUSD,6585.11,6850,6184.63,10387.26,67052124.17,6340
11/12/2017,BTCUSD,6340,6500,5450,23486.83,141026382.8,5849.37
11/13/2017,BTCUSD,5849.37,6804.87,5800,16854.74,107588331.7,6550.76
11/14/2017,BTCUSD,6550.76,6761.59,6479.93,7781.81,51440654.31,6606.75
11/15/2017,BTCUSD,6606.75,7367.94,6606.75,9254.49,65166171.59,7286.93
11/16/2017,BTCUSD,7286.93,7990,7131.5,7868,59742305.56,7852.44
11/17/2017,BTCUSD,7852.44,7993,7550,6185.57,48368250.17,7677.17
11/18/2017,BTCUSD,7677.17,7862.62,7450,4013.65,30747193.22,7776.54
11/19/2017,BTCUSD,7776.54,8099,7668.06,3475.29,27545013.19,8046.98
11/20/2017,BTCUSD,8046.98,8314.95,7920,6511.46,53305336.97,8246.01
11/21/2017,BTCUSD,8246.01,8360.01,7790,8571.64,69479610.34,8120.36
11/22/2017,BTCUSD,8120.36,8304.98,8100,3308.13,27112646.84,8240.82
11/23/2017,BTCUSD,8240.82,8279.45,8009.88,3457.32,28235152.12,8009.88
11/24/2017,BTCUSD,8009.88,8340.02,7900,4769.25,39021234.22,8209.88
11/25/2017,BTCUSD,8209.88,8788.5,8152.01,5087.06,43248410.78,8779.62
11/26/2017,BTCUSD,8779.62,9475,8732.66,8532.88,77276520.64,9304.19
11/27/2017,BTCUSD,9304.19,9769.47,9300,8081.48,77581809.69,9763.44
11/28/2017,BTCUSD,9763.44,9987,9649,7940.25,78367083.22,9941.7
11/29/2017,BTCUSD,9941.7,11454,9500,17642.01,184437015.9,9827.29
11/30/2017,BTCUSD,9827.29,10900,8975,23193.03,227879938.7,9934.4
12/1/2017,BTCUSD,9934.4,10970,9360.01,12477.5,128347093.8,10910.18
12/2/2017,BTCUSD,10910.18,11200,10700,6316.96,69145415.16,10888.01
12/3/2017,BTCUSD,10888.01,11870,10500.17,9362.28,105713191.7,11231.21
12/4/2017,BTCUSD,11231.21,11681,10850,7425.17,84290521.96,11668.84
12/5/2017,BTCUSD,11668.84,11900,11489.92,7153.47,83791780.96,11711.2
12/6/2017,BTCUSD,11711.2,13924.98,11711.19,17496.71,223456763.2,13725.53
12/7/2017,BTCUSD,13725.53,17050,13400.01,25215.63,379296115,17050
12/8/2017,BTCUSD,17050,17712.65,14000,22184.59,351152416.3,16250
12/9/2017,BTCUSD,16250,16500.98,14899.99,8109.34,125998456.5,15041
12/10/2017,BTCUSD,15041,16120,13141.5,15077.35,221306968.6,15268.98
12/11/2017,BTCUSD,15268.98,17488,15223.1,11136.82,185348148,16800.19
12/12/2017,BTCUSD,16800.19,17613,16347.71,9067.07,154830186.7,17382.19
12/13/2017,BTCUSD,17382.19,17582.15,15902,11607.36,195771736.5,16460.9
12/14/2017,BTCUSD,16460.9,17150,16135.18,8702.84,144057342.2,16678.79
12/15/2017,BTCUSD,16678.79,17920,16655.12,8311.75,145441853.7,17744.5
12/16/2017,BTCUSD,17744.5,19739,17713.87,5081.35,95278934.42,19499.99
12/17/2017,BTCUSD,19499.99,19999,18870,5561.4,107762059.2,19260.5
12/18/2017,BTCUSD,19260.5,19315.01,18125.45,8257.89,154530092.5,18981.88
12/19/2017,BTCUSD,18981.88,19050,16750,12441.6,223708682.3,17640.01
12/20/2017,BTCUSD,17640.01,17881.37,15600,17000.4,282413333.1,16596.09
12/21/2017,BTCUSD,16596.09,17375.2,15044.7,12169.67,194996102,15797.49
12/22/2017,BTCUSD,15797.49,15947.97,10611,41616.75,560653861.7,14000
12/23/2017,BTCUSD,14000,15894,13701,7712.57,115094888.1,15002.72
12/24/2017,BTCUSD,15002.72,15500,12600,10661.62,145491337,14100.01
12/25/2017,BTCUSD,14100.01,14698.99,13317,5365.06,75234933.07,13986.68
12/26/2017,BTCUSD,13986.68,16150,13921,7183.7,110604193.3,15830.86
12/27/2017,BTCUSD,15830.86,16500,14521,9255.82,143145845.9,15418.95
12/28/2017,BTCUSD,15418.95,15499.99,13514.81,11001.12,156554167,14488.61
12/29/2017,BTCUSD,14488.61,15115.1,13949.5,6391.62,92789943.92,14574.99
12/30/2017,BTCUSD,14574.99,14607.77,12481.44,8734.65,115811566.9,12675.68
12/31/2017,BTCUSD,12675.68,14191.2,12511,8176.38,108241376.6,13820.26
1/1/2018,BTCUSD,13820.26,13824.23,12800,4575.01,60856282.93,13338.41
1/2/2018,BTCUSD,13338.41,15249.97,12851,8822.9,124203791.3,14740.09
1/3/2018,BTCUSD,14740.09,15400,14583.47,8551.32,127985170.2,15148.92
1/4/2018,BTCUSD,15148.92,15503.59,14000,12450.53,184306290.7,15199.99
1/5/2018,BTCUSD,15199.99,17124.44,14800,11519.64,184239283.3,16945.5
1/6/2018,BTCUSD,16945.5,17236.46,16298.31,5294.46,88436511.04,17175
1/7/2018,BTCUSD,17175,17175.01,15741.08,5625.07,92772910.39,16150.15
1/8/2018,BTCUSD,16150.15,16250,13825.22,12623.87,190764811.7,14980.01
1/9/2018,BTCUSD,14980.01,15419.24,14161.55,7721.18,114072096.1,14477.55
1/10/2018,BTCUSD,14477.55,14933.42,13500,9009.1,127693435.2,14929.39
1/11/2018,BTCUSD,14929.39,14970,12810,10854.39,147562255.6,13301.77
1/12/2018,BTCUSD,13301.77,14106,12900,8668.84,118064269.5,13815.26
1/13/2018,BTCUSD,13815.26,14550,13803.8,4901.76,69653074.46,14174.38
1/14/2018,BTCUSD,14174.38,14310,13100,3985.27,54199076.03,13626.27
1/15/2018,BTCUSD,13626.27,14283.26,13400,4552.77,62791167.64,13597.6
1/16/2018,BTCUSD,13597.6,13601.25,10001,20640.71,242184935.9,11399.01
1/17/2018,BTCUSD,11399.01,11850,9125,24459.65,258538366.3,11240.19
1/18/2018,BTCUSD,11240.19,12110,10677.33,16661.99,191729689,11298
1/19/2018,BTCUSD,11298,12018.39,11048.66,9545.86,109669984.7,11535.56
1/20/2018,BTCUSD,11535.56,12999,11528.68,6862.82,85011809.92,12744.98
1/21/2018,BTCUSD,12744.98,12774.17,11112,5898.27,69104786.19,11501
1/22/2018,BTCUSD,11501,11865,10026.03,11158.71,120643064.7,10780
1/23/2018,BTCUSD,10780,11372.51,9940,10779.7,115208955.5,10820.81
1/24/2018,BTCUSD,10820.81,11480.01,10500,8410.16,92514894.51,11346.58
1/25/2018,BTCUSD,11346.58,11693.7,10805.56,6974.39,78666560.11,11114
1/26/2018,BTCUSD,11114,11600,10300,9023.48,98917678.69,11091.99
1/27/2018,BTCUSD,11091.99,11535,10821.76,4717.82,52981583.96,11372.85
1/28/2018,BTCUSD,11372.85,11878.1,11312.2,4203.83,48573754.38,11633.11
1/29/2018,BTCUSD,11633.11,11698,10900,5693.42,63639125.48,11130.34
1/30/2018,BTCUSD,11130.34,11168.7,9734.63,11594.08,120154143.9,10007.42
1/31/2018,BTCUSD,10007.42,10299.99,9555,9378.99,93072172.84,10112.6
2/1/2018,BTCUSD,10112.6,10164.68,8411.11,17746.53,162257631.6,9000.73
2/2/2018,BTCUSD,9000.73,9090,7603,21886.74,185823833.1,8845.07
2/3/2018,BTCUSD,8845.07,9494.86,8123.62,7572,66978512.91,9221.14
2/4/2018,BTCUSD,9221.14,9353.45,7847.39,8182.52,68994814.69,8162.94
2/5/2018,BTCUSD,8162.94,8334,6500,22800.02,166315391.2,6892.67
2/6/2018,BTCUSD,6892.67,7944,5931.34,29967.25,202478482.7,7682.75
2/7/2018,BTCUSD,7682.75,8589,7200,15859,125575748.8,7582.76
2/8/2018,BTCUSD,7582.76,8638.99,7556,12127.69,99256298.44,8200
2/9/2018,BTCUSD,8200,8728.53,7750,9425.92,77002096.64,8697.78
2/10/2018,BTCUSD,8697.78,9069,8146.78,6004.8,51732287.49,8553.5
2/11/2018,BTCUSD,8553.5,8576.42,7824.48,5306.74,43469260.55,8073.9
2/12/2018,BTCUSD,8073.9,8985,8070.68,5466.43,47208118.55,8900
2/13/2018,BTCUSD,8900,8940,8379,4953.3,42654131.94,8519.07
2/14/2018,BTCUSD,8519.07,9510,8519.07,8789.94,80166786.59,9480.27
2/15/2018,BTCUSD,9480.27,10259.29,9353,8989.83,88764794.27,10017.18
2/16/2018,BTCUSD,10017.18,10307.6,9710,5439.6,54605905.83,10183.63
2/17/2018,BTCUSD,10183.63,11140.45,10039.73,4311.47,45959466.87,11100
2/18/2018,BTCUSD,11100,11270,10150,6902.75,74029051.97,10403.01
2/19/2018,BTCUSD,10403.01,11250,10315,3764.29,40969900.17,11166.92
2/20/2018,BTCUSD,11166.92,11750,11084.99,6641.33,76268926.96,11206.22
2/21/2018,BTCUSD,11206.22,11282.53,10248,11441.35,122866113.7,10475
2/22/2018,BTCUSD,10475,10939.9,9740,10771.54,109881832,9829.96
2/23/2018,BTCUSD,9829.96,10400,9595,6470.6,64650739.27,10161.62
2/24/2018,BTCUSD,10161.62,10534.77,9388.97,5375.32,53590192.23,9697.21
2/25/2018,BTCUSD,9697.21,9870,9290,3491.7,33472164.84,9595
2/26/2018,BTCUSD,9595,10433.88,9399,5550.37,55993158.68,10300
2/27/2018,BTCUSD,10300,10850,10117,5538.64,58574042.36,10562.46
2/28/2018,BTCUSD,10562.46,11050,10260.85,6013.76,63890938.06,10296.86
3/1/2018,BTCUSD,10296.86,11100,10200,5125.81,54839997.42,10900.95
3/2/2018,BTCUSD,10900.95,11200,10779.44,4046.9,44474264.7,11027.77
3/3/2018,BTCUSD,11027.77,11484.98,11026.91,1842.01,20876860.93,11433.72
3/4/2018,BTCUSD,11433.72,11500,11060.01,1874.53,21117794.79,11467.19
3/5/2018,BTCUSD,11467.19,11650.01,11400,2939.43,33912541.93,11400.01
3/6/2018,BTCUSD,11400.01,11401.64,10563.93,5128.2,56123956.6,10696.87
3/7/2018,BTCUSD,10696.87,10898.99,9375,10297.81,103482427.2,9884.26
3/8/2018,BTCUSD,9884.26,10100,9050,8774.36,83652551.76,9295.77
3/9/2018,BTCUSD,9295.77,9409.21,8370,11095.65,98510525.38,9257
3/10/2018,BTCUSD,9257,9515.21,8731,4581.91,42340279.46,8769.2
3/11/2018,BTCUSD,8769.2,9772.42,8544.95,4575.06,42306636.51,9530.94
3/12/2018,BTCUSD,9530.94,9898,8760,7429.99,69137084.58,9105
3/13/2018,BTCUSD,9105,9500,8850,6443.94,58856352.69,9146.18
3/14/2018,BTCUSD,9146.18,9366.16,7932.65,9260.37,79124355.48,8198.82
3/15/2018,BTCUSD,8198.82,8416.92,7675.35,10294.58,82957878.18,8266.99
3/16/2018,BTCUSD,8266.99,8607.11,7900.01,6576.73,54696030.34,8265.81
3/17/2018,BTCUSD,8265.81,8350,7737.49,4357.88,35033565.68,7870.99
3/18/2018,BTCUSD,7870.99,8297,7319,9669.52,74104522.09,8197.29
3/19/2018,BTCUSD,8197.29,8744.68,8119.7,8472.64,71070074.08,8599.01
3/20/2018,BTCUSD,8599.01,9037,8327.35,7272.77,63129514.46,8904.23
3/21/2018,BTCUSD,8904.23,9180,8755,6594.03,59212481.78,8902.53
3/22/2018,BTCUSD,8902.53,9100,8494.62,6485.99,56753217.52,8710.44
3/23/2018,BTCUSD,8710.44,8925.01,8288.01,6207.75,52936947.26,8925
3/24/2018,BTCUSD,8925,9000,8500,3002.8,26488822.66,8540.33
3/25/2018,BTCUSD,8540.33,8687.3,8375.5,3802.87,32383644.87,8457.04
3/26/2018,BTCUSD,8457.04,8495.73,7827.95,6902.21,56193530.15,8149.46
3/27/2018,BTCUSD,8149.46,8221.79,7753,6505.42,51702143.63,7794.46
3/28/2018,BTCUSD,7794.46,8095,7749.53,5099.35,40255451.21,7941.87
3/29/2018,BTCUSD,7941.87,7965,6903,12113.05,90220518.11,7086.6
3/30/2018,BTCUSD,7086.6,7271.9,6600,11373.39,77813320.93,6838.71
3/31/2018,BTCUSD,6838.71,7242.47,6788.51,4842.85,33961333.43,6920.5
4/1/2018,BTCUSD,6920.5,7043.5,6442.49,5962.82,40038020.94,6811.02
4/2/2018,BTCUSD,6811.02,7113.01,6766.84,5330.83,37254176.59,7049.99
4/3/2018,BTCUSD,7049.99,7500,7016.87,7164.62,52515668.76,7418.53
4/4/2018,BTCUSD,7418.53,7421.08,6707.5,6865.47,48325954.25,6794.31
4/5/2018,BTCUSD,6794.31,6923.01,6574.3,7331.11,49348791.2,6777
4/6/2018,BTCUSD,6777,6848,6512.79,5906.65,39214142.92,6564.06
4/7/2018,BTCUSD,6592.94,7069.18,6592.94,2337.59,16178550.92,6895.99
4/8/2018,BTCUSD,6895.99,7100,6889.5,2494.65,17460763.19,7022.72
4/9/2018,BTCUSD,7022.72,7176.99,6612.35,4793.44,32762618.08,6771.01
4/10/2018,BTCUSD,6771.01,6876.33,6651.12,2802.32,19003389.65,6830.68
4/11/2018,BTCUSD,6830.68,6966.84,6801.68,2866.25,19778338.85,6939.43
4/12/2018,BTCUSD,6939.43,8076.83,6766.18,9957.83,74604260,7920.39
4/13/2018,BTCUSD,7920.39,8223.58,7732.43,7669.83,61464491.31,7875.94
4/14/2018,BTCUSD,7875.94,8175.86,7820.67,2126.88,17016841.31,7998.07
4/15/2018,BTCUSD,7998.07,8413.43,7998.07,2302.77,18994463.65,8357.43
4/16/2018,BTCUSD,8357.43,8415,7900,4734.74,38358033.46,8052.27
4/17/2018,BTCUSD,8052.27,8165.07,7820.01,3078.54,24605816.51,7894
4/18/2018,BTCUSD,7894,8227.32,7880,3126.42,25187382.64,8167
4/19/2018,BTCUSD,8167,8295.73,8090,2787.59,22906354.94,8269.3
4/20/2018,BTCUSD,8269.3,8932.16,8215,4993.68,42325280.82,8855.49
4/21/2018,BTCUSD,8847.07,9038,8602.08,3399.01,29918579.76,8920
4/22/2018,BTCUSD,8920,9017,8755,1495.86,13291042.32,8800
4/23/2018,BTCUSD,8800,8990,8775,2063.51,18341146.23,8933
4/24/2018,BTCUSD,8933,9740.97,8925,5164.9,48118391.2,9649.99
4/25/2018,BTCUSD,9649.99,9762.75,8755,7596.44,70250882.6,8865.01
4/26/2018,BTCUSD,8865.01,9315.24,8660,4477.06,39771333.27,9281.95
4/27/2018,BTCUSD,9281.95,9368,8901.27,3278.8,30172815.57,8926
4/28/2018,BTCUSD,8926,9422.29,8880.01,2547.12,23518680.1,9343.83
4/29/2018,BTCUSD,9343.83,9522.12,9176.76,2040.44,19158173.04,9393.29
4/30/2018,BTCUSD,9393.29,9440.91,9110,2588.42,24032272.36,9244.38
5/1/2018,BTCUSD,9244.38,9248.8,8816.08,3399.77,30524866.29,9059.84
5/2/2018,BTCUSD,9059.84,9259,8975,2483.28,22642808.61,9211.7
5/3/2018,BTCUSD,9211.7,9786.01,9163.25,4921.77,46632706.51,9727.5
5/4/2018,BTCUSD,9727.5,9780,9508,3898.63,37570363.35,9691.37
5/5/2018,BTCUSD,9691.37,9940,9668.67,2078.34,20438119.85,9812.81
5/6/2018,BTCUSD,9812.81,9890,9399,1610.58,15460759.71,9599.88
5/7/2018,BTCUSD,9599.88,9618.16,9175,3300.83,30842280.94,9361.96
5/8/2018,BTCUSD,9361.96,9450,9050,2510.28,23130695.25,9181.42
5/9/2018,BTCUSD,9181.42,9359.25,8953.26,3506.01,32093682.67,9308.45
5/10/2018,BTCUSD,9308.45,9387.98,9006,3004.07,27801859.12,9017.58
5/11/2018,BTCUSD,9017.58,9022.05,8350.18,5238.37,45703932.14,8398.44
5/12/2018,BTCUSD,8451.19,8647.84,8221,2892.2,24255884.98,8466.31
5/13/2018,BTCUSD,8466.31,8755,8340.1,1369.24,11696058.67,8685.5
5/14/2018,BTCUSD,8685.5,8899.62,8283.55,4787.21,41260201.13,8682.73
5/15/2018,BTCUSD,8682.73,8846.13,8418.65,5301.3,45627564.85,8475.58
5/16/2018,BTCUSD,8475.58,8501.53,8110,7379.95,61025040.43,8344.94
5/17/2018,BTCUSD,8344.94,8487.15,7999,4268.11,35213650.23,8060.01
5/18/2018,BTCUSD,8060.01,8279,7919.2,3888.8,31448707.82,8230
5/19/2018,BTCUSD,8230,8392,8152.49,1379.6,11388658.27,8240.01
5/20/2018,BTCUSD,8240.01,8600,8168.01,1041.53,8774206.8,8515.17
5/21/2018,BTCUSD,8515.17,8588,8315.49,2113.72,17794228.81,8395.71
5/22/2018,BTCUSD,8395.71,8402.79,7955.01,3183.29,26123850.66,7985.77
5/23/2018,BTCUSD,7985.77,8026.37,7438.43,5912.82,45546536.3,7497.47
5/24/2018,BTCUSD,7497.47,7746.18,7268.99,5287.32,39867877.39,7572.49
5/25/2018,BTCUSD,7572.49,7659.97,7322.29,4706.71,35187173.91,7462.65
5/26/2018,BTCUSD,7462.65,7647.46,7300.01,1792.97,13445959.94,7333.2
5/27/2018,BTCUSD,7333.2,7400,7208.1,1021.88,7463322.92,7349.12
5/28/2018,BTCUSD,7349.12,7445.89,7076.6,2509.35,18176967.36,7098.11
5/29/2018,BTCUSD,7098.11,7531.21,7055.94,3530.48,25878485.35,7460
5/30/2018,BTCUSD,7460,7567.72,7268.76,2452.87,18180788.95,7387.88
5/31/2018,BTCUSD,7387.88,7616.63,7340,2639.11,19756095.09,7484.84
6/1/2018,BTCUSD,7484.84,7616.63,7356.08,2933.75,21926048.72,7521.01
6/2/2018,BTCUSD,7521.01,7698.92,7441,1598.24,12159163.13,7643.52
6/3/2018,BTCUSD,7643.52,7790.91,7587.53,1186.16,9128283.35,7709.99
6/4/2018,BTCUSD,7709.99,7754.96,7447.02,2124.11,16086764.72,7500
6/5/2018,BTCUSD,7500,7677.03,7341.73,1918.14,14409195,7610
6/6/2018,BTCUSD,7610,7694.92,7480.79,1647.4,12505572.45,7657.92
6/7/2018,BTCUSD,7657.92,7745,7635.89,1573.01,12099431.83,7691.26
6/8/2018,BTCUSD,7691.26,7695,7539.97,1306.91,9968506.72,7647.08
6/9/2018,BTCUSD,7647.19,7684.22,7457.5,726.65,5520341.28,7501.64
6/10/2018,BTCUSD,7501.64,7501.64,6630.5,6317.66,43870922.23,6770
6/11/2018,BTCUSD,6770,6913.59,6646.19,4598.11,31049870.98,6878
6/12/2018,BTCUSD,6878,6879.99,6444.03,4026.41,26903711.76,6550
6/13/2018,BTCUSD,6550,6619.84,6122.94,6909.06,44033200.75,6297.7
6/14/2018,BTCUSD,6297.7,6711.42,6280.01,5311.96,34427551.84,6639.66
6/15/2018,BTCUSD,6639.66,6664.53,6365.52,3320.69,21768162.28,6388.98
6/16/2018,BTCUSD,6388.98,6550,6333.98,1742.56,11247709.85,6486.86
6/17/2018,BTCUSD,6486.86,6574.34,6430.77,691.97,4497996.91,6444.35
6/18/2018,BTCUSD,6444.35,6800,6380.41,2336.27,15410558.5,6711.16
6/19/2018,BTCUSD,6711.16,6831,6665.13,1455.55,9797841.42,6740.96
6/20/2018,BTCUSD,6740.96,6815.21,6550.59,2285.34,15234421.97,6758.31
6/21/2018,BTCUSD,6758.31,6785.87,6685.18,1162.12,7821556.81,6717.88
6/22/2018,BTCUSD,6717.88,6730,5940.05,5771.55,36253129.69,6076.88
6/23/2018,BTCUSD,6073.38,6259.09,6031.03,1025.6,6287170.51,6172.55
6/24/2018,BTCUSD,6172.55,6254.16,5768.4,2849.42,17065277.44,6149.99
6/25/2018,BTCUSD,6149.99,6349.46,6075.19,2697.76,16753610.18,6242.53
6/26/2018,BTCUSD,6242.53,6275,6051.01,2142.24,13260615.29,6060.01
6/27/2018,BTCUSD,6060.01,6177.31,5987.01,2465.26,15013804.79,6135.8
6/28/2018,BTCUSD,6135.8,6158.1,5825.26,1971.71,11847774.22,5850.13
6/29/2018,BTCUSD,5850.13,6600,5785.17,4887.43,29281958.52,6202.49
6/30/2018,BTCUSD,6202.49,6531.61,6193.28,1981.45,12618700.71,6389.01
7/1/2018,BTCUSD,6389.01,6430.01,6254.23,1839.49,11680577.5,6345.53
7/2/2018,BTCUSD,6345.53,6673.9,6267.68,4595.13,29812470.48,6615.13
7/3/2018,BTCUSD,6615.13,6669.47,6463.17,4316.24,28405008.22,6508.36
7/4/2018,BTCUSD,6508.36,6794.53,6313.27,4430.9,28979165.74,6583.72
7/5/2018,BTCUSD,6583.72,6700,6446.68,5533.27,36422647.86,6529.47
7/6/2018,BTCUSD,6529.47,6641.09,6451.31,3417.14,22353665.84,6582.51
7/7/2018,BTCUSD,6587.45,6848.84,6510.17,2417.43,16003935.02,6754.14
7/8/2018,BTCUSD,6754.14,6782.95,6669,1966.12,13243386.64,6700.88
7/9/2018,BTCUSD,6700.88,6798.97,6620,2748.76,18417559.21,6666
7/10/2018,BTCUSD,6666,6683.68,6262.94,5598.94,36155373,6299
7/11/2018,BTCUSD,6299,6400,6287.54,3416.38,21678518.88,6380
7/12/2018,BTCUSD,6380,6380,6075,3131.49,19414473.3,6249.75
7/13/2018,BTCUSD,6249.75,6331.16,6128.32,1035.7,6450862.83,6203.79
7/14/2018,BTCUSD,6210,6321.58,6185.19,488.73,3044549.28,6250.02
7/15/2018,BTCUSD,6250.02,6382.7,6233.14,904.84,5720351.74,6347.99
7/16/2018,BTCUSD,6347.99,6747.65,6334.47,2858.41,18800372.19,6729.22
7/17/2018,BTCUSD,6729.22,7464.98,6657.66,4768.21,33441709.84,7322.78
7/18/2018,BTCUSD,7322.78,7584.03,7241.19,4611.27,34177313.64,7378.55
7/19/2018,BTCUSD,7378.55,7557.28,7285.37,3843.11,28493456.82,7466.58
7/20/2018,BTCUSD,7466.58,7676.31,7272.01,2991.94,22225290.03,7334.8
7/21/2018,BTCUSD,7334.8,7459.81,7214.96,584.52,4295046.32,7408.79
7/22/2018,BTCUSD,7408.79,7567.8,7333.98,734.34,5481433.27,7400.37
7/23/2018,BTCUSD,7400.37,7810,7378.89,3363.31,25863287.55,7713.62
7/24/2018,BTCUSD,7713.62,8480,7700,4541.37,36903770.08,8400.73
7/25/2018,BTCUSD,8400.73,8480,8039.99,3815.41,31429136.47,8160
7/26/2018,BTCUSD,8160,8290,7843.05,3460.55,28220038.28,7926.36
7/27/2018,BTCUSD,7926.36,8269.62,7795,3763.01,30210292.58,8192.21
7/28/2018,BTCUSD,8192.21,8234.98,8055.67,895.24,7297971.06,8234.98
7/29/2018,BTCUSD,8234.98,8280,8120.34,492.38,4043646.83,8216.06
7/30/2018,BTCUSD,8216.06,8274.97,7849.54,2951.63,23894009.03,8166.86
7/31/2018,BTCUSD,8166.86,8184.07,7640.33,3512.21,27587934.27,7725.05
8/1/2018,BTCUSD,7725.05,7751.28,7431,2227.75,16850557.85,7602.14
8/2/2018,BTCUSD,7602.14,7706.7,7456.52,1663.16,12612346.77,7536
8/3/2018,BTCUSD,7536,7536.01,7291.5,2439.32,18031782.32,7413.7
8/4/2018,BTCUSD,7413.7,7485,6930.37,1463.33,10421504.07,7014.55
8/5/2018,BTCUSD,7014.55,7084.95,6891,779.95,5441639.14,7032.06
8/6/2018,BTCUSD,7032.06,7184,6835,1789.55,12437634.3,6931.59
8/7/2018,BTCUSD,6931.59,7148.53,6670.5,2389.89,16594592.98,6720.18
8/8/2018,BTCUSD,6720.18,6720.18,6104.82,5724.47,36488150.19,6274.5
8/9/2018,BTCUSD,6274.5,6626.62,6195.01,3450.8,22107421.86,6540.47
8/10/2018,BTCUSD,6540.47,6588.97,6010.5,3362.86,21227385.62,6109.19
8/11/2018,BTCUSD,6109.19,6208,6013.61,1536.17,9395605.1,6091.87
8/12/2018,BTCUSD,6091.87,6091.87,6091.87,0,0,6091.87
8/13/2018,BTCUSD,6318.21,6546.29,6150,3190.8,20164785.38,6257.31
8/14/2018,BTCUSD,6257.31,6262.44,5886,6264.38,37887453.74,6196.17
8/15/2018,BTCUSD,6196.17,6623.09,6187.68,4706.48,30064668.33,6269.74
8/16/2018,BTCUSD,6269.74,6475,6210.04,2781.29,17717210.19,6313.83
8/17/2018,BTCUSD,6313.83,6580.76,6292.36,3322.57,21597295.71,6580.76
8/18/2018,BTCUSD,6580.76,6619.79,6300,1429.1,9173905.74,6389.99
8/19/2018,BTCUSD,6389.99,6552.23,6317.73,1082.46,6946616.32,6491.5
8/20/2018,BTCUSD,6491.5,6524.06,6232.21,2762.95,17630966.04,6258.36
8/21/2018,BTCUSD,6258.36,6493,6250,2000.23,12790616.86,6476.53
8/22/2018,BTCUSD,6476.53,6900,6251,6588.74,43169169.56,6350
8/23/2018,BTCUSD,6350,6570.85,6347.73,2942.35,18946723.4,6524.17
8/24/2018,BTCUSD,6524.17,6728.46,6450.01,3411.43,22349075.27,6692
8/25/2018,BTCUSD,6692,6788.88,6669.7,1059.24,7125580.14,6730.95
8/26/2018,BTCUSD,6730.95,6767.99,6571,1000.44,6671216.97,6706.31
8/27/2018,BTCUSD,6706.31,6938.83,6653.82,3657.28,24664842.06,6909
8/28/2018,BTCUSD,6909,7125,6866.78,4428.12,30915953.49,7075.1
8/29/2018,BTCUSD,7075.1,7119.5,6908.92,2348.48,16503702.04,7033.83
8/30/2018,BTCUSD,7033.83,7049.99,6795.7,3543.52,24538442.17,6977.96
8/31/2018,BTCUSD,6977.96,7088.22,6880,2720.96,19008922.93,7017.1
9/1/2018,BTCUSD,7017.1,7250,7015.67,1103.66,7876737.74,7196.18
9/2/2018,BTCUSD,7196.18,7330.99,7129.56,1235.67,8959013.07,7284.57
9/3/2018,BTCUSD,7284.57,7325,7170.7,1467.12,10628270.59,7252.41
9/4/2018,BTCUSD,7252.41,7409.27,7215.02,3439.11,25204320.74,7354.92
9/5/2018,BTCUSD,7354.92,7380.53,6666,4301.94,30317410.93,6688.01
9/6/2018,BTCUSD,6688.01,6702.32,6226,6273.81,40196776.04,6496.37
9/7/2018,BTCUSD,6496.37,6529.99,6320.71,2780.75,17953667.11,6395.85
9/8/2018,BTCUSD,6395.85,6460.68,6120,2021.71,12766962.34,6185.27
9/9/2018,BTCUSD,6185.27,6463.07,6140.01,2087.96,13045123.78,6243.21
9/10/2018,BTCUSD,6243.21,6371.76,6226.31,2051.67,12900274.47,6300
9/11/2018,BTCUSD,6300,6418.71,6165.44,2499.03,15677856.22,6278.84
9/12/2018,BTCUSD,6278.84,6347.51,6200,2192.45,13747156.98,6324.13
9/13/2018,BTCUSD,6324.13,6529.99,6324.13,2332.92,15062740.99,6485
9/14/2018,BTCUSD,6485,6581.04,6389.25,2780.46,18059077.25,6523.38
9/15/2018,BTCUSD,6523.38,6566.47,6469,592.16,3863105.58,6530.08
9/16/2018,BTCUSD,6530.08,6530.08,6357.9,524.89,3391634.83,6498.37
9/17/2018,BTCUSD,6498.37,6529.99,6209.01,2736.92,17367416.75,6251.56
9/18/2018,BTCUSD,6251.56,6384.29,6230.5,2240.75,14136811.69,6339.92
9/19/2018,BTCUSD,6339.92,6518.24,6107.74,3692.98,23432546.42,6383.42
9/20/2018,BTCUSD,6383.42,6535.89,6338.65,2325.95,14938946.07,6495.87
9/21/2018,BTCUSD,6495.87,6778,6492.41,3401.61,22646336,6759.51
9/22/2018,BTCUSD,6759.51,6818.23,6630,884.13,5939670.74,6710.26
9/23/2018,BTCUSD,6710.26,6764.72,6666.67,347.68,2331141.5,6702.64
9/24/2018,BTCUSD,6702.64,6717.4,6559.59,1730.32,11458102.51,6577.78
9/25/2018,BTCUSD,6577.78,6577.78,6392.19,243.57,1574521.44,6470.13
